Spectra,gv_fraction,npv_fraction,soil_fraction,use,400,410,420,430,440,450,460,470,480,490,500,510,520,530,540,550,560,570,580,590,600,610,620,630,640,650,660,670,680,690,700,710,720,730,740,750,760,770,780,790,800,810,820,830,840,850,860,870,880,890,900,910,920,930,940,950,960,970,980,990,1000,1010,1020,1030,1040,1050,1060,1070,1080,1090,1100,1110,1120,1130,1140,1150,1160,1170,1180,1190,1200,1210,1220,1230,1240,1250,1260,1270,1280,1290,1300,1310,1320,1330,1340,1350,1360,1370,1380,1390,1400,1410,1420,1430,1440,1450,1460,1470,1480,1490,1500,1510,1520,1530,1540,1550,1560,1570,1580,1590,1600,1610,1620,1630,1640,1650,1660,1670,1680,1690,1700,1710,1720,1730,1740,1750,1760,1770,1780,1790,1800,1810,1820,1830,1840,1850,1860,1870,1880,1890,1900,1910,1920,1930,1940,1950,1960,1970,1980,1990,2000,2010,2020,2030,2040,2050,2060,2070,2080,2090,2100,2110,2120,2130,2140,2150,2160,2170,2180,2190,2200,2210,2220,2230,2240,2250,2260,2270,2280,2290,2300,2310,2320,2330,2340,2350,2360,2370,2380,2390,2400,2410,2420,2430,2440,2450,2460,2470,2480,2490
Synthetic_1,1.6825561e-05,0.17166252,0.8283207,synthetic,0.056381255,0.06918401,0.07629712,0.079181045,0.078747064,0.069929495,0.08884837,0.09456463,0.082455344,0.09689404,0.1118312,0.09664617,0.11598455,0.114636205,0.122920595,0.11592606,0.12558402,0.13250844,0.14157557,0.13708815,0.13858768,0.1475106,0.1547744,0.15621425,0.17297517,0.1684082,0.15615748,0.16359538,0.17682211,0.19031414,0.18253532,0.18762007,0.2000822,0.20185792,0.21405587,0.2143397,0.22244893,0.22858082,0.22958417,0.2301016,0.23164114,0.23963398,0.2584987,0.24711807,0.25416437,0.26001993,0.2675078,0.2751654,0.27026582,0.27159968,0.27317274,0.28406402,0.3025403,0.3070239,0.29557404,0.31602705,0.30237237,0.31135678,0.30563262,0.3226886,0.31859982,0.33074933,0.3317336,0.33378178,0.3249007,0.32698533,0.3329454,0.33615735,0.3544647,0.35880616,0.34592906,0.3539288,0.35948437,0.38708404,0.34889886,0.36983678,0.36449865,0.35590956,0.3486075,0.35937762,0.36766747,0.3593812,0.36438426,0.33405256,0.36450535,0.359352,0.3558141,0.35610443,0.38172734,0.3515837,0.366013,0.3658445,0.39404163,0.3739777,0.36852804,0.3775007,0.41596565,0.39348245,0.44783047,0.42858306,0.43302283,0.40879032,0.41750765,0.37178007,0.36483657,0.37106946,0.36023754,0.3579952,0.33656105,0.36021966,0.3460842,0.35738903,0.36660346,0.35973212,0.3527262,0.35434398,0.37815535,0.3625738,0.38124007,0.38257247,0.37079272,0.36721477,0.37134594,0.38130325,0.37273344,0.39034668,0.36964852,0.39215222,0.38666293,0.38780534,0.38018107,0.4167739,0.39932087,0.3958388,0.3922928,0.3912304,0.3879641,0.3992513,0.3808679,0.4028427,0.43954873,0.42564663,0.43705976,0.31562185,0.3571699,0.35418758,0.32532635,0.49670956,0.30504584,0.30431658,0.35172158,0.29728776,0.33319715,0.35685664,0.32083434,0.35307896,0.35160658,0.36535212,0.34650138,0.35531592,0.35231408,0.36452547,0.35375193,0.34965032,0.3499138,0.33816364,0.34858003,0.33419967,0.34207907,0.34075606,0.32407573,0.3276154,0.33421952,0.33280954,0.33062637,0.3336353,0.32775873,0.34840003,0.33048925,0.3475296,0.32932737,0.3233326,0.35141757,0.34191015,0.3503596,0.31791398,0.32925677,0.32933068,0.32331493,0.32521254,0.30532783,0.3187676,0.30702814,0.32358816,0.3044794,0.32382652,0.31396854,0.3482382,0.3103566,0.3261443,0.36012024,0.31302744,0.34508318,0.33435827,0.3196326,0.3036004,0.28043455,0.23985414,0.16996668,0.29013845
Synthetic_2,0.9668069,0.008134291,0.025058808,synthetic,0.013377648,0.0133898,0.0148048345,0.019249732,0.014987608,0.018455207,0.019460509,0.022528555,0.020594243,0.017741509,0.024239654,0.029817864,0.039237984,0.046953917,0.061892234,0.06235882,0.05484278,0.05631015,0.055040568,0.046838336,0.040207256,0.04036682,0.040963016,0.03621086,0.03859744,0.033080913,0.030226026,0.030072453,0.02696945,0.04474905,0.08233459,0.13418289,0.20361637,0.28508827,0.34652218,0.37958422,0.37988657,0.3760802,0.39135236,0.42151698,0.41164842,0.39634708,0.42858058,0.41359997,0.43120697,0.42668694,0.4463826,0.43113393,0.42979732,0.43277097,0.44567487,0.44458562,0.45827308,0.44554016,0.45975703,0.4254608,0.42495573,0.43250164,0.43159902,0.44143468,0.43812278,0.44452736,0.44007522,0.44196793,0.46407136,0.4591721,0.456763,0.47348893,0.47695434,0.47615352,0.4734039,0.4712573,0.47949633,0.47880057,0.44289964,0.41212997,0.42552322,0.416566,0.40347296,0.40199044,0.42084774,0.39504114,0.42283064,0.4666351,0.4254953,0.43149632,0.440414,0.45370844,0.40185475,0.43299398,0.4223486,0.4089217,0.39473468,0.3732915,0.35825825,0.34921455,0.35953984,0.3822589,0.38078377,0.32585496,0.30423483,0.20399813,0.14148368,0.115201786,0.100423984,0.09859458,0.08967553,0.10492481,0.108312644,0.10325284,0.1338699,0.14181656,0.13913433,0.16017134,0.16798754,0.17553972,0.1926737,0.1946342,0.21274142,0.20189543,0.2141471,0.23449656,0.23337358,0.2470984,0.24435374,0.24024269,0.24924946,0.24610654,0.26889968,0.25334394,0.26849374,0.25833437,0.24909757,0.2308865,0.22224101,0.21830511,0.20826228,0.2023651,0.20230393,0.20739825,0.19935356,0.18381345,0.1693012,0.20327099,0.26153824,0.26422203,0.12714769,0.18293159,0.09945522,0.2678752,0.18388258,0.09397412,0.3550536,0.16214499,0.032993972,0.035449676,0.032426897,0.03222515,0.03695962,0.03773655,0.04299658,0.053429164,0.051679447,0.055920582,0.055330966,0.06542684,0.07021532,0.0760515,0.07221752,0.07934389,0.079434745,0.085846275,0.08654182,0.09408715,0.09560565,0.09850072,0.09452362,0.105834134,0.09953389,0.1082691,0.108441494,0.10911519,0.11849598,0.110762514,0.113087766,0.111349046,0.09117821,0.09992271,0.099324174,0.09315226,0.083000705,0.07197556,0.07685859,0.074507296,0.05851427,0.0657122,0.0671715,0.055610575,0.05459882,0.055302966,0.046078745,0.044948384,0.031422082,0.025945943,0.024525404,0.046328217,0.03126112,0.042104024,0.13274038,0.35292652
Synthetic_3,0.49033254,0.29866564,0.21100186,synthetic,0.060864385,0.05921013,0.06300545,0.0687749,0.069515325,0.07783157,0.08260067,0.08239803,0.07543066,0.082767,0.08980752,0.10043996,0.10807116,0.11502299,0.1346505,0.13362059,0.1378436,0.14035496,0.13479629,0.14705104,0.12914406,0.13642962,0.13261716,0.13291128,0.13019061,0.1328431,0.12405208,0.12581569,0.12141805,0.13983329,0.18559754,0.2342381,0.2825344,0.33229637,0.37079415,0.37705144,0.38765267,0.38306403,0.40244392,0.41072974,0.40995452,0.40837526,0.41320518,0.41899577,0.41887155,0.41217634,0.42049614,0.43719953,0.4310108,0.43927422,0.44261622,0.43847874,0.4319007,0.43977776,0.45091432,0.4274613,0.4257137,0.43814972,0.43781513,0.4445903,0.45040932,0.43989483,0.45185453,0.4509373,0.4550246,0.4718222,0.46370986,0.463402,0.47648403,0.4669191,0.4733063,0.4697152,0.4720467,0.451865,0.44907618,0.4324615,0.44461447,0.43428668,0.42888218,0.42671916,0.43637365,0.43541315,0.43889013,0.45508465,0.44958115,0.45562872,0.4551852,0.45312887,0.4610545,0.46935073,0.4543224,0.45160413,0.42825308,0.42504528,0.41509962,0.39575723,0.3818085,0.368424,0.38650382,0.36740002,0.30168453,0.25746003,0.25827986,0.24151728,0.24116871,0.23968329,0.2338506,0.24242121,0.2546883,0.25830364,0.26459154,0.28080827,0.2813583,0.28713322,0.2912252,0.3067227,0.3190366,0.3226805,0.3311951,0.33769426,0.34275898,0.35163218,0.34687084,0.35240117,0.36418584,0.36683413,0.36013472,0.36655903,0.36797085,0.37297392,0.36651883,0.36628455,0.3539237,0.35320348,0.35609055,0.34404734,0.34586436,0.3270457,0.3342605,0.33342415,0.3278157,0.30180642,0.31505886,0.23811555,0.15311791,0.18119347,0.2426066,0.24301168,0.20935565,0.31190503,0.32427493,0.17439114,0.18768878,0.16053224,0.18093249,0.1739528,0.18749042,0.1904551,0.19034377,0.19409102,0.2045252,0.21747844,0.22482297,0.2179849,0.21661744,0.22569548,0.2338095,0.23442993,0.2411296,0.2291926,0.24070357,0.25056607,0.23897834,0.24464571,0.2595566,0.25448605,0.25397214,0.25685483,0.25137514,0.2607593,0.26451507,0.25522283,0.25773674,0.27416936,0.26479366,0.25804755,0.25098115,0.23984924,0.23540685,0.2372447,0.23842926,0.21289335,0.23250079,0.22353365,0.21968563,0.22085649,0.21909565,0.19906099,0.20580891,0.20113604,0.1826494,0.19447863,0.17426163,0.17991218,0.17202026,0.1667846,0.14641534,0.15644538,0.12762058,0.21967743
Synthetic_4,3.6405694e-05,0.7133589,0.2866047,synthetic,0.050783508,0.06527211,0.060915202,0.067935646,0.08195458,0.07321081,0.08189908,0.08543576,0.08767711,0.090426475,0.10824586,0.09062245,0.105101906,0.10910063,0.10391197,0.11559826,0.1201735,0.11863386,0.12581517,0.11183738,0.13109224,0.13185866,0.15429313,0.12924974,0.15869266,0.13549067,0.15255262,0.16152823,0.17221262,0.16461702,0.18386886,0.16682163,0.18854654,0.1911077,0.17754865,0.18897668,0.20064425,0.19786412,0.20230807,0.20994768,0.2047003,0.21100104,0.2272168,0.22118782,0.2253921,0.23718625,0.23810638,0.23798196,0.24071606,0.24220029,0.25274956,0.24082933,0.27149963,0.270094,0.2528534,0.25944015,0.27852377,0.2795285,0.27597725,0.28855607,0.27891803,0.272841,0.29181087,0.306143,0.28617993,0.28610802,0.29984003,0.29341477,0.3062419,0.28855148,0.3149899,0.32040808,0.30061156,0.32590184,0.31801885,0.33017233,0.32724702,0.33884028,0.3454985,0.34093648,0.32166436,0.34016067,0.36190063,0.34574896,0.35203913,0.33975932,0.34632713,0.35380393,0.36287296,0.348352,0.35056788,0.35265866,0.3739471,0.3749886,0.34857652,0.37047356,0.3585076,0.38137302,0.39661413,0.3681801,0.40467638,0.35026968,0.36818072,0.34897372,0.34201318,0.328533,0.34400812,0.32063192,0.31294388,0.32839057,0.32927838,0.32359526,0.33973348,0.3354848,0.3365919,0.3582591,0.3383497,0.36526898,0.3476351,0.35784963,0.377449,0.358961,0.35848215,0.3673645,0.36552748,0.36144924,0.38603172,0.38349143,0.37789303,0.37929192,0.3685509,0.38950503,0.3709796,0.37681618,0.3632764,0.36970904,0.3826282,0.3721517,0.37183684,0.3813059,0.36473432,0.33677086,0.45531556,0.46774647,0.8112581,0.75606555,0.3744947,0.2961926,0.35584003,0.37604362,0.54477507,0.7029211,0.47067076,0.29296517,0.29901302,0.3258274,0.31407824,0.34157228,0.3137514,0.33582503,0.3174695,0.33578625,0.31347886,0.330312,0.31116414,0.30724156,0.3069294,0.28665572,0.29849625,0.27887028,0.28459185,0.3005579,0.2931067,0.3090664,0.29356158,0.30798143,0.28203732,0.30606976,0.30691072,0.30666634,0.31176576,0.3063909,0.32972404,0.29311273,0.30015105,0.29724047,0.29634356,0.27580902,0.2729525,0.29170445,0.28228477,0.2750664,0.2705318,0.29787216,0.2578373,0.28106934,0.26003176,0.30130967,0.27273017,0.29139197,0.24584723,0.2465069,0.25651607,0.26708958,0.24093802,0.22200401,0.27779064,0.19215415,0.3146868,0.32654104
Synthetic_5,0.4411868,0.55881256,6.5517855e-07,synthetic,0.01823133,0.022177553,0.022851748,0.02395564,0.027381789,0.027682237,0.030720977,0.03286569,0.03218094,0.032943152,0.033917002,0.03750048,0.04149103,0.04747416,0.05585346,0.057192337,0.054620165,0.058058172,0.058147077,0.05343671,0.053898487,0.0524359,0.054277003,0.05483993,0.0505906,0.048062377,0.045372672,0.045205753,0.046328504,0.055769593,0.075082906,0.12007856,0.15015596,0.19474387,0.22242619,0.24090277,0.25357193,0.24829976,0.2610616,0.2621856,0.27681103,0.26882604,0.26809666,0.26300758,0.27816877,0.28332326,0.27537835,0.2740594,0.28425217,0.28494775,0.28216133,0.28492868,0.2907014,0.28368747,0.27429643,0.27822468,0.26503122,0.26590815,0.26833072,0.2733763,0.27336228,0.2813304,0.2872259,0.28466725,0.29124993,0.2890733,0.29989332,0.30750063,0.30918023,0.30316463,0.3139069,0.30827948,0.29821542,0.2960733,0.27638194,0.25711477,0.24450837,0.24197206,0.23141453,0.22202685,0.23848958,0.23682079,0.23891458,0.26685864,0.24716716,0.26385462,0.25944138,0.2619506,0.2599893,0.2582495,0.25261703,0.2387929,0.23780364,0.2349707,0.21127567,0.20015539,0.18487291,0.16973643,0.15111594,0.12694827,0.091102846,0.07773189,0.07389301,0.065784544,0.061689723,0.06966926,0.059127882,0.06482558,0.06823356,0.06793891,0.07711889,0.08055678,0.07982074,0.08783685,0.0851056,0.09157207,0.090487875,0.10183898,0.100809425,0.10025808,0.10810764,0.10764302,0.11297606,0.11649379,0.11948231,0.11702668,0.11735523,0.12288133,0.11844478,0.11536787,0.11315017,0.11285022,0.10747706,0.10415757,0.105162226,0.10492376,0.10213704,0.102538906,0.10560787,0.1039135,0.093085594,0.09488054,0.08222341,0.11005708,0.166911,0.184346,0.12101756,0.1460884,0.0580691,0.049514174,0.073491864,0.047850516,0.028144626,0.033522762,0.032778453,0.038313664,0.04144424,0.043979015,0.043343656,0.044321254,0.0456447,0.049439687,0.048247125,0.05025625,0.049678307,0.052536957,0.04820328,0.05282256,0.05294567,0.049485173,0.051488794,0.051745225,0.050910503,0.052878488,0.051496528,0.055143695,0.05343167,0.056939032,0.05439406,0.058628336,0.057949685,0.057164464,0.05945612,0.061075702,0.0581149,0.054925665,0.053560097,0.048679013,0.049401954,0.04995322,0.04482389,0.0424323,0.04320029,0.042992108,0.037603665,0.040607408,0.040962726,0.039253816,0.034981426,0.037707705,0.036786146,0.037838113,0.032940134,0.029473918,0.030826816,0.031489503,0.027566327,0.04121564,0.09891607,0.17613031
Synthetic_6,3.698987e-05,0.00087720295,0.9990858,synthetic,0.056144293,0.06756929,0.077316254,0.08448602,0.0829086,0.079618685,0.08495007,0.09559507,0.09171334,0.09948931,0.107919514,0.1000563,0.11425702,0.11883941,0.12839547,0.13358805,0.13458586,0.15525584,0.15657718,0.1507353,0.1567035,0.16103134,0.16447379,0.15566437,0.17791,0.1629721,0.16940466,0.16128975,0.18927135,0.19173527,0.17771763,0.1934228,0.20965892,0.20522362,0.21973866,0.22064756,0.23194453,0.23025149,0.22347784,0.21341152,0.2377288,0.23629695,0.24578804,0.25080013,0.24667469,0.2395506,0.24117514,0.27174395,0.25709212,0.25801715,0.25483522,0.2565748,0.277485,0.27275553,0.27802953,0.2865985,0.2764355,0.29106796,0.2858477,0.29402444,0.2899712,0.29740727,0.28360578,0.2937266,0.308815,0.29330137,0.29849875,0.29126018,0.32117972,0.32938603,0.29872197,0.30449104,0.30255204,0.33074656,0.32792917,0.33701494,0.3376834,0.31789735,0.32843402,0.3354225,0.33731517,0.33560178,0.33325356,0.33420673,0.3192712,0.33697698,0.32552794,0.32893726,0.33201945,0.33496618,0.3333195,0.33142576,0.3791063,0.35358083,0.34275192,0.36195347,0.39872634,0.40244332,0.4708001,0.42836156,0.4080334,0.33274376,0.3292357,0.34570152,0.33201203,0.33957312,0.33265138,0.34544036,0.3365069,0.33153528,0.33957312,0.34377933,0.32836083,0.34779796,0.3422694,0.34771603,0.3544129,0.35754508,0.34658295,0.3523297,0.36038774,0.35167593,0.35480002,0.3629881,0.35469255,0.35147256,0.3377604,0.3455022,0.34971544,0.37885407,0.3499103,0.36087906,0.38213012,0.3568492,0.37398362,0.35440257,0.35692477,0.36085054,0.3497906,0.36608168,0.37211502,0.42308876,0.33014047,0.37731707,0.27090454,0.7055363,0.7328022,0.29409572,0.4500161,0.26289526,0.39098713,0.3048465,0.29500577,0.34085137,0.2787401,0.32285967,0.32214594,0.3236398,0.3306687,0.30945516,0.31969386,0.3270068,0.31422445,0.31714875,0.3336447,0.34137085,0.32610452,0.36207563,0.34360924,0.37811583,0.34150204,0.33064383,0.3464103,0.34916517,0.3484157,0.33392277,0.32709098,0.33609784,0.3278356,0.33673957,0.33927366,0.3218546,0.33841643,0.34439093,0.3483775,0.32718778,0.35637626,0.3271239,0.32786772,0.33037254,0.32245556,0.34669623,0.33145684,0.34138978,0.3204946,0.34106693,0.32492542,0.3375442,0.3182169,0.32910526,0.32098246,0.32135993,0.33141717,0.293183,0.30263653,0.25399303,0.26148912,0.26676634,0.18560076,0.26154697
Synthetic_7,0.7804916,0.21950828,1.7818162e-07,synthetic,0.010679421,0.0107812155,0.010834111,0.024066988,0.02126714,0.020646056,0.017042983,0.022494625,0.03790918,0.034535732,0.024938352,0.039547265,0.044340793,0.066582985,0.0817099,0.08487302,0.07461523,0.06706438,0.06874822,0.06501282,0.066111915,0.07336461,0.07820438,0.064065136,0.05513197,0.050471853,0.060728792,0.049735453,0.04589515,0.07073026,0.112066284,0.10541251,0.18838204,0.33310965,0.35790858,0.36241847,0.32820702,0.35508183,0.30937365,0.373737,0.3797989,0.3467236,0.33184683,0.36884832,0.33352324,0.4123119,0.38093704,0.32516164,0.36085272,0.3320295,0.39105254,0.42677885,0.35251454,0.40350938,0.39532033,0.335084,0.36141157,0.36776972,0.35658628,0.38882044,0.31500864,0.36129403,0.39725348,0.42680705,0.44940108,0.4058321,0.3888448,0.37039736,0.41923884,0.4141962,0.46751946,0.39798385,0.40652254,0.3930003,0.38673076,0.35043478,0.33270276,0.36936367,0.35722318,0.3942845,0.2964523,0.33002177,0.36248502,0.4200651,0.33951023,0.34052595,0.40093926,0.3389405,0.36878163,0.3690216,0.33126983,0.2979792,0.31169143,0.3284003,0.2655292,0.2584684,0.23928356,0.25467515,0.38738102,0.19612435,0.084031634,0.05364852,0.057239026,0.06707359,0.07593768,0.06872661,0.07381134,0.057869673,0.06449635,0.08333039,0.07345814,0.08069298,0.08451657,0.11719171,0.13394941,0.10638343,0.13021466,0.13233714,0.14892146,0.119328275,0.16098015,0.17082901,0.22628735,0.18623702,0.19612831,0.17658322,0.19148846,0.18083614,0.17064354,0.16882117,0.13421048,0.15817471,0.1395537,0.15333553,0.12513205,0.12199125,0.11763127,0.13239439,0.13917772,0.10874859,0.08169326,0.105272256,0.13763535,0.0002405197,0.011197391,7.0835577e-09,2.7997562e-06,4.0737933e-09,0.9795043,0.6474732,0.0007258903,0.97443956,0.4302409,0.025837734,0.0233157,0.02943287,0.025669087,0.027717834,0.023437826,0.024502164,0.023955664,0.021420248,0.026029507,0.034528024,0.036016416,0.03675108,0.042279724,0.031419065,0.037963253,0.039096713,0.048662286,0.05379861,0.044323035,0.056945816,0.049238283,0.055787493,0.06979934,0.05311226,0.07938209,0.08138934,0.070154674,0.06328288,0.055775397,0.049871385,0.05160859,0.06423823,0.040356237,0.05236797,0.03716172,0.034835204,0.03157827,0.037967186,0.03230403,0.027463978,0.031916287,0.034267582,0.03618317,0.036110472,0.033006284,0.03254323,0.02246803,0.034382485,0.025321484,0.058252733,0.033864476,0.016449288,0.030733014,0.08447922,0.41575134,0.98897785
Synthetic_8,0.5745464,0.42544788,5.7076195e-06,synthetic,0.03314447,0.034273572,0.037024196,0.038449097,0.040921967,0.04288715,0.047354236,0.047863793,0.044144575,0.048827473,0.045323852,0.051391236,0.054507714,0.059112176,0.06564678,0.06822965,0.06958137,0.06784326,0.062778465,0.06697838,0.064283356,0.06375988,0.06456027,0.06431291,0.06644422,0.06397626,0.0645215,0.058988698,0.06214986,0.06769385,0.09269951,0.12791276,0.16283579,0.21191765,0.25429523,0.2672921,0.28016314,0.28285828,0.29035583,0.2960317,0.2951049,0.30212048,0.30259097,0.29571927,0.31240952,0.3079644,0.30570748,0.3207687,0.31574613,0.31904048,0.32263234,0.31872982,0.31634432,0.31835338,0.31199092,0.3021661,0.2960658,0.29498973,0.2899909,0.3014164,0.30349636,0.3096417,0.32740617,0.32139274,0.32899216,0.33483624,0.33482608,0.33370152,0.34046543,0.34414536,0.34355277,0.34393248,0.3338026,0.32487422,0.30207244,0.29056916,0.28107196,0.27491385,0.26804134,0.2674043,0.27375805,0.2744809,0.27816132,0.29319623,0.29121298,0.30020845,0.30088052,0.30041516,0.30110395,0.3098892,0.3012861,0.28752893,0.27769962,0.2675441,0.25346348,0.23799409,0.22208036,0.20024899,0.19820684,0.16545807,0.13467285,0.11058137,0.116779216,0.101742655,0.10134112,0.10416411,0.09580155,0.1002874,0.10607733,0.10943877,0.11346975,0.120741226,0.12179947,0.12736681,0.13011384,0.13381492,0.1453222,0.14527693,0.14701182,0.1534307,0.15611601,0.15906471,0.16165264,0.16594987,0.16796246,0.16601337,0.16813363,0.16735017,0.16765872,0.16672987,0.16513503,0.16091901,0.15937766,0.1572098,0.16054061,0.15379524,0.1522085,0.14963263,0.148313,0.1543974,0.14454709,0.1483905,0.1568641,0.1433196,0.1581072,0.1469049,0.13212082,0.12842508,0.091164835,0.09202977,0.06854882,0.06857245,0.06031861,0.06433968,0.07035206,0.07712218,0.078670256,0.08320877,0.078767896,0.082310095,0.086430326,0.08647679,0.091167666,0.09231056,0.08565754,0.090561226,0.087561116,0.090706736,0.09033703,0.085787505,0.0902929,0.08862589,0.086372815,0.08924713,0.08992944,0.08808815,0.08800173,0.093151376,0.09725528,0.09973796,0.09751719,0.098998584,0.10474325,0.10256313,0.096454166,0.09139008,0.09044449,0.08389204,0.08103839,0.08037523,0.075812645,0.06899112,0.077116065,0.0731009,0.07017904,0.07211634,0.07080952,0.07111642,0.0674641,0.06640694,0.067030385,0.066528164,0.061529823,0.04966542,0.051363315,0.06112817,0.054725766,0.050356586,0.07549683,0.12498742
Synthetic_9,0.43332207,0.4487211,0.11795676,synthetic,0.030944297,0.036084376,0.03850934,0.04668547,0.042093534,0.0506087,0.04771601,0.050906103,0.04660309,0.050622776,0.05467338,0.06705917,0.07950256,0.08761673,0.10299032,0.10759948,0.098059125,0.10381278,0.0987808,0.10143685,0.100613184,0.094867066,0.10392729,0.10176078,0.09326551,0.09377618,0.09363341,0.09287994,0.092255905,0.11609448,0.14926961,0.18791318,0.23765317,0.2693563,0.3007426,0.31318513,0.31814098,0.31708056,0.33290035,0.34860033,0.33714318,0.34737077,0.34991357,0.35527232,0.34983018,0.34098518,0.3710494,0.35795423,0.35942367,0.3783335,0.3649172,0.3809003,0.37149656,0.37934044,0.38786775,0.36630023,0.38228327,0.37845713,0.38838947,0.38396987,0.3858579,0.38399622,0.3838723,0.3761547,0.39754242,0.3973796,0.3934422,0.40702632,0.40103474,0.4012941,0.41639227,0.4197497,0.43100128,0.4252223,0.41432172,0.39724377,0.41033107,0.39365157,0.3832677,0.3812919,0.40198597,0.3949798,0.40924168,0.41836098,0.41038913,0.41185182,0.42688075,0.42537415,0.40804577,0.41354597,0.42337635,0.42155185,0.42384166,0.41369644,0.3988754,0.38271648,0.37303904,0.37640932,0.39773422,0.37757975,0.37164453,0.33296394,0.282047,0.25028855,0.24024402,0.2434999,0.23414892,0.24883671,0.25300264,0.2483255,0.265092,0.26768813,0.2653361,0.28296798,0.2894384,0.30320713,0.30008695,0.32421276,0.31903583,0.30457357,0.3296922,0.33667356,0.32798132,0.33595923,0.3465981,0.35719714,0.35691097,0.34436938,0.3537524,0.3571047,0.37071234,0.34037697,0.35303128,0.35024714,0.3388723,0.33299568,0.3126586,0.31366435,0.32082552,0.32733718,0.33175778,0.3808868,0.26945132,0.15309532,0.16204272,0.05999768,0.056098554,0.097303055,0.038440652,0.008070103,0.045815386,0.27324852,0.22947276,0.32056308,0.2423952,0.18299173,0.1830476,0.18812174,0.17984827,0.19063234,0.18980078,0.20823275,0.20086397,0.20883575,0.19267333,0.19644745,0.20742875,0.22137184,0.20147033,0.20507637,0.19871312,0.21759528,0.21264002,0.21608843,0.22719459,0.22749887,0.21147612,0.22648574,0.2230594,0.23413953,0.24551928,0.21699226,0.24455968,0.22273155,0.23312092,0.23400316,0.21705651,0.21231411,0.22278777,0.21169604,0.20167291,0.18171969,0.2039146,0.188432,0.17551513,0.18860272,0.18373033,0.17905538,0.17446913,0.17727824,0.16338588,0.18008801,0.16142061,0.15170714,0.16520695,0.18963887,0.19620566,0.25830644,0.1448567,0.20458399
Synthetic_10,0.15367089,0.62944084,0.21688823,synthetic,0.036888417,0.03749519,0.04708757,0.04900296,0.0549586,0.057500783,0.06403716,0.061121102,0.06982863,0.07273058,0.077785544,0.09276717,0.099071935,0.11757614,0.13335761,0.13239816,0.11992834,0.13808003,0.149877,0.14396477,0.1424938,0.14227577,0.15357813,0.15815324,0.1569697,0.14597432,0.14736098,0.16075417,0.16321735,0.18429399,0.18985437,0.19966738,0.23289697,0.25554827,0.2574213,0.27291554,0.2616126,0.26618207,0.29057956,0.2759566,0.27675137,0.29768738,0.29498228,0.29242152,0.2888805,0.28109264,0.3090119,0.28391716,0.29419464,0.30387646,0.3186168,0.3185624,0.29925683,0.305259,0.30263162,0.30691227,0.31107572,0.320778,0.31827804,0.30576906,0.31847036,0.3173722,0.31857237,0.328302,0.33664256,0.33972088,0.341921,0.35048673,0.33533722,0.33692983,0.3594228,0.36006784,0.35608152,0.37713358,0.35351047,0.3690635,0.3461946,0.36710235,0.35988158,0.33863372,0.36421117,0.35107917,0.36535233,0.3797254,0.38418713,0.3790743,0.37005198,0.37054595,0.37333027,0.374446,0.3821912,0.3743578,0.3830284,0.38743287,0.3952978,0.3829191,0.33300444,0.37996385,0.39980325,0.368319,0.3586887,0.37242177,0.35270467,0.33187896,0.3352628,0.29808292,0.30499694,0.30256617,0.33065233,0.3249712,0.30309638,0.3312213,0.32687628,0.3425642,0.33302125,0.35474765,0.34585667,0.35560122,0.36195266,0.3296755,0.35774103,0.36169785,0.38962603,0.35789365,0.37745598,0.36575025,0.36387348,0.37368914,0.3635899,0.3650624,0.38487375,0.37523815,0.36982733,0.38146815,0.3665323,0.3538924,0.3461258,0.3633678,0.34882954,0.3460443,0.3620748,0.37097782,0.14261775,0.024525465,0.16844726,0.065857135,0.038826887,0.23783757,0.20835038,0.0069725225,0.06220829,0.1698255,0.077269465,0.19320038,0.21111481,0.2210482,0.26041815,0.28107283,0.26389012,0.2703233,0.2753174,0.26646626,0.27896354,0.28793153,0.26244584,0.2703669,0.24876924,0.2646126,0.2614112,0.25311682,0.2581763,0.26516327,0.24494348,0.26007277,0.27298215,0.26762325,0.2578503,0.26496813,0.27218235,0.2763412,0.27188727,0.27244055,0.25818807,0.2704861,0.25841877,0.2739083,0.27306804,0.2501312,0.24900387,0.26264238,0.25399897,0.22123581,0.22518015,0.22415672,0.22371538,0.22138242,0.2210209,0.22549309,0.24083337,0.22238378,0.20357555,0.22003207,0.19885986,0.21941547,0.19115326,0.15236507,0.11299213,0.19555925,0.094691105,0.08889644
Synthetic_11,0.0063890144,0.89713454,0.09647651,synthetic,0.02488183,0.023234488,0.027470207,0.031970322,0.0390837,0.03932836,0.047518726,0.050756685,0.04755065,0.047200482,0.045902766,0.05837047,0.050751656,0.06253757,0.075336814,0.06746479,0.076796256,0.08092745,0.09087152,0.084105514,0.0805952,0.09060608,0.09340448,0.099274635,0.09748622,0.10028424,0.10165159,0.10498684,0.12520942,0.11866039,0.1309678,0.13187514,0.1481099,0.1700303,0.17144215,0.1461182,0.16801548,0.17135924,0.16574347,0.18347313,0.18895501,0.1992852,0.19279565,0.18580227,0.19993308,0.19174881,0.20683804,0.20230056,0.201658,0.21439296,0.20379995,0.2414652,0.20813033,0.21659106,0.23086151,0.2316643,0.22523905,0.2448348,0.23464477,0.23681639,0.2517891,0.24450824,0.25108454,0.23823778,0.25942641,0.25609288,0.2711779,0.24856475,0.24933213,0.2794226,0.28117228,0.26207823,0.2833637,0.29161906,0.2885864,0.2878606,0.2916607,0.28868702,0.29934496,0.29022086,0.2930098,0.31700176,0.29960474,0.32558262,0.3070464,0.2861882,0.29653746,0.31700584,0.31974137,0.2979528,0.32484794,0.3162562,0.3265554,0.32864496,0.3273894,0.33524323,0.35896647,0.33944213,0.40756622,0.35596728,0.33754748,0.26896647,0.28144062,0.27344355,0.2957948,0.27292603,0.27293554,0.27981505,0.28385544,0.29676467,0.3000851,0.26774827,0.28189683,0.27960423,0.31975734,0.31202942,0.31636345,0.33422822,0.31436482,0.33854073,0.33376008,0.33935976,0.34853566,0.31980777,0.3503331,0.3563312,0.35002455,0.36315686,0.353836,0.3435004,0.36291733,0.33260626,0.34021428,0.33928823,0.33227512,0.35766444,0.33904612,0.34381735,0.34244278,0.34971586,0.37855884,0.40225333,0.49522984,0.4053426,0.038859323,0.19247474,0.22045632,0.43689147,0.29941055,0.1942118,0.26854053,0.32224187,0.2634437,0.25375432,0.24523966,0.25397837,0.23860034,0.23837051,0.22874755,0.26909077,0.2772595,0.27105713,0.26272207,0.27591,0.252099,0.24779154,0.25460118,0.25628585,0.25039837,0.24416882,0.26253188,0.25747374,0.26625162,0.2556718,0.29089224,0.24335459,0.27209783,0.2810388,0.26421097,0.288317,0.26614428,0.27035034,0.27671924,0.2721414,0.26601478,0.2534461,0.25094202,0.23374557,0.23270437,0.23847017,0.22858062,0.22790104,0.21515341,0.2233443,0.2145851,0.20237486,0.21317291,0.22208145,0.2504652,0.27275845,0.28575492,0.26484808,0.26326814,0.2086347,0.24018992,0.2814033,0.36363283,0.54514825,0.34980738,0.4020573
Synthetic_12,0.6646887,0.335311,2.8643217e-07,synthetic,0.017045077,0.018646466,0.019938594,0.020843845,0.022580668,0.0236507,0.026364837,0.026135769,0.02625616,0.027510338,0.029398024,0.03035834,0.03558472,0.041792847,0.047689527,0.049634844,0.04664864,0.047744446,0.045919392,0.04463354,0.043367233,0.041578066,0.04325225,0.043564633,0.041310508,0.0402955,0.038133673,0.03605018,0.039381035,0.044011157,0.06680891,0.10291878,0.13520178,0.17528938,0.20485617,0.21762453,0.2302087,0.22697991,0.23678996,0.2392296,0.24969383,0.2468344,0.24937029,0.23976684,0.2475685,0.2516996,0.25335383,0.25832972,0.26004598,0.26572698,0.25883278,0.26284376,0.26725817,0.2623416,0.25771153,0.25943026,0.25510946,0.26017538,0.2496946,0.25867605,0.25472978,0.27162006,0.27067456,0.27423674,0.2803864,0.28438744,0.2802427,0.28814036,0.29185805,0.30074522,0.29581127,0.2952957,0.28938845,0.28735763,0.27135873,0.2627623,0.2492555,0.24604838,0.2393284,0.23993589,0.2490113,0.24932659,0.25001487,0.25925106,0.26033399,0.26658353,0.2688271,0.27389896,0.27572167,0.27203715,0.2721545,0.2570595,0.26137048,0.2576784,0.23485097,0.22308365,0.19956268,0.19404647,0.17969817,0.1551816,0.11666267,0.104112074,0.10016549,0.08862793,0.08391345,0.08711311,0.082140215,0.08500018,0.09081322,0.09425136,0.09561742,0.102163784,0.10585814,0.11215687,0.11524368,0.122257605,0.12421611,0.13428453,0.13718522,0.13661538,0.14159544,0.14845493,0.15008917,0.15484716,0.15475939,0.15640204,0.15831847,0.15910284,0.1579066,0.15086405,0.14959541,0.15093578,0.14461718,0.14180352,0.1425251,0.14090312,0.13568471,0.13853937,0.13784711,0.14314222,0.13313495,0.13985083,0.15015455,0.14656281,0.14361107,0.13662682,0.12046285,0.11227183,0.08068403,0.078983136,0.060506698,0.052339274,0.04092559,0.0502562,0.050583377,0.057058826,0.060565047,0.06350473,0.06433196,0.06512053,0.06685222,0.07323547,0.07167303,0.07422296,0.07072199,0.07290041,0.07300386,0.072549514,0.07256665,0.07469175,0.074990116,0.07416512,0.073732235,0.07692836,0.07775545,0.078219265,0.07772106,0.08070743,0.08024624,0.0845878,0.082920976,0.088604204,0.08721679,0.08668136,0.08298956,0.07589188,0.076617956,0.069435954,0.06906613,0.06844458,0.060370307,0.060055323,0.062008593,0.05802657,0.056354966,0.056236524,0.056062885,0.058263764,0.052604895,0.05207038,0.05580505,0.05006451,0.047140885,0.044604506,0.045955837,0.039806798,0.046709012,0.045769088,0.07244696,0.09572953
Synthetic_13,0.0011932964,0.9113004,0.087506324,synthetic,0.03259755,0.039214406,0.045889862,0.04569979,0.05770573,0.054025613,0.058957785,0.069910616,0.07165593,0.07929955,0.08067297,0.0883531,0.09054773,0.098965846,0.10719868,0.103556775,0.11620859,0.11972741,0.13471605,0.12631063,0.12741083,0.12645943,0.14080144,0.1445596,0.14249206,0.1407285,0.14198597,0.16152526,0.16535376,0.16806708,0.18351997,0.18302561,0.1856722,0.20581652,0.19715138,0.20299327,0.19415374,0.20793663,0.22375073,0.21332404,0.22606531,0.23434518,0.2355908,0.22595903,0.23975343,0.2540107,0.25535786,0.24164051,0.24689907,0.2535915,0.26619467,0.2785074,0.2691474,0.27258176,0.2686015,0.30301043,0.2725272,0.28642288,0.29065585,0.3008443,0.29062867,0.2969109,0.29202393,0.30496255,0.31658348,0.30472866,0.31103858,0.315223,0.31826472,0.32726273,0.3335089,0.32255659,0.32879806,0.31375694,0.3233125,0.31927478,0.32572773,0.33044976,0.3525035,0.32842416,0.33868843,0.34600487,0.3297201,0.33241308,0.34544995,0.3526686,0.3407757,0.34222063,0.3383781,0.3521503,0.3587711,0.34738395,0.3566269,0.35633326,0.34778196,0.34251738,0.33466056,0.36341837,0.35898426,0.3514042,0.31106117,0.30091426,0.31667092,0.27557892,0.266285,0.26287293,0.27414417,0.2717816,0.2613482,0.28466743,0.27968198,0.2874202,0.29213268,0.2936318,0.31794885,0.30960485,0.30605367,0.30794194,0.31572497,0.32139158,0.3332887,0.3224352,0.34473687,0.34085587,0.3501276,0.34861192,0.35322043,0.36717507,0.36173016,0.34595895,0.35042837,0.34378272,0.3431472,0.34040546,0.34842905,0.34878093,0.33759537,0.33179012,0.3299327,0.31536475,0.3385174,0.2730241,0.41278464,0.2610698,0.11229893,0.03764052,0.08698383,0.18714985,0.11563129,0.14386494,0.16328551,0.2544221,0.062285848,0.11394132,0.16843079,0.1908187,0.21733852,0.23701341,0.2327619,0.24605736,0.24478947,0.25365743,0.23820429,0.2525667,0.23343892,0.25592014,0.23568429,0.22012556,0.2313726,0.22092502,0.22483996,0.21668962,0.24220449,0.23492032,0.24692817,0.25216684,0.22552165,0.2321475,0.25872883,0.2587968,0.2547283,0.26711255,0.25591424,0.25794697,0.24767429,0.23853633,0.21845967,0.22787113,0.22322515,0.2276593,0.21094547,0.19126475,0.19160056,0.19466245,0.19385858,0.20644702,0.20094064,0.20546916,0.20185168,0.2116774,0.19456857,0.2041406,0.17715634,0.15455768,0.15346082,0.17223166,0.12564075,0.06575835,0.058571767,0.03414352
Synthetic_14,0.3392002,0.66079867,1.0896815e-06,synthetic,0.06059724,0.06987699,0.065368466,0.08223448,0.0749926,0.078547314,0.115317546,0.10356386,0.09209081,0.09664854,0.10865421,0.108643726,0.11805774,0.13139257,0.1352408,0.14506005,0.13863777,0.13783559,0.13560991,0.15972577,0.16587669,0.1383065,0.13922721,0.15778755,0.14677456,0.14083003,0.1566837,0.15767965,0.16089381,0.1545647,0.17229809,0.1952862,0.21967869,0.23263913,0.24797206,0.24940734,0.25368512,0.2919763,0.27034718,0.25217196,0.26404423,0.2672763,0.29794672,0.2995447,0.28062403,0.2897293,0.30533746,0.30121827,0.31143537,0.3297985,0.3327316,0.28792456,0.30789325,0.31663746,0.31065774,0.31879732,0.31592694,0.33535147,0.34378293,0.3462086,0.35351035,0.35466543,0.35567737,0.3337711,0.35836935,0.40128496,0.4059406,0.37452856,0.38171202,0.3992279,0.3848827,0.404909,0.41575792,0.39259124,0.39336023,0.38677266,0.3976497,0.38940248,0.37625897,0.38764068,0.3898126,0.38920876,0.38662034,0.3679718,0.44931063,0.41665265,0.45038414,0.44861352,0.46929076,0.4864299,0.47739983,0.45051563,0.46890673,0.44666028,0.44640744,0.5308502,0.36598876,0.196089,0.12107446,0.04419832,0.57875067,0.3912361,0.3348642,0.3229247,0.296546,0.2726785,0.26212204,0.2610628,0.3069575,0.2833123,0.30407956,0.30673167,0.3188322,0.3145917,0.34367004,0.32034934,0.37876832,0.3575461,0.38735065,0.36034885,0.38948387,0.39434585,0.38526803,0.40953338,0.40426457,0.44657806,0.43537983,0.39536688,0.42417386,0.4088811,0.43187323,0.3773218,0.38803682,0.39508495,0.39141664,0.35899264,0.40745437,0.39048943,0.40207052,0.41244945,0.4066276,0.45861512,0.42396688,0.36483797,0.36533755,0.31969044,0.28453556,0.361316,0.33235914,0.24157108,0.19915715,0.16433369,0.11270194,0.18470542,0.16704302,0.18024011,0.1892652,0.19214551,0.19886586,0.19605707,0.22780405,0.2249273,0.23701051,0.23136765,0.22114985,0.22166461,0.22055832,0.20878182,0.21611974,0.24655929,0.24157465,0.21332456,0.23404962,0.2372935,0.22930743,0.24004222,0.23035744,0.27619824,0.25794548,0.2545088,0.25040653,0.2857671,0.24901429,0.24977784,0.24253806,0.2143598,0.2183041,0.21665734,0.19259736,0.19663326,0.18178707,0.19043525,0.20036244,0.19153392,0.19860087,0.19019134,0.18035746,0.16098376,0.14458011,0.17843126,0.18633102,0.12191343,0.1333965,0.16279224,0.13376443,0.077028394,0.11805774,0.16084366,0.13342905,0.13770024
Synthetic_15,0.0019667544,0.85049325,0.14753996,synthetic,0.07647951,0.069004394,0.08226364,0.08470224,0.091408655,0.09506614,0.11464646,0.10450323,0.11207227,0.11701353,0.12950012,0.12893537,0.13167748,0.13589361,0.14076395,0.15083125,0.15858716,0.1551867,0.15860106,0.16402078,0.17181191,0.16896877,0.1769055,0.18351269,0.1903134,0.19065739,0.18210883,0.19812594,0.2081167,0.2088071,0.23338853,0.23116161,0.23517379,0.25467977,0.2692077,0.26130733,0.27215847,0.29135004,0.2862222,0.29432046,0.29996583,0.29831153,0.31655297,0.3079699,0.3110372,0.32767078,0.3309539,0.3336619,0.3469031,0.3283047,0.34805018,0.34913936,0.33948985,0.34811223,0.3688135,0.3607689,0.38134146,0.36577418,0.38551065,0.38585034,0.3785616,0.3889829,0.4003552,0.39815083,0.40182284,0.4117795,0.4058427,0.40310648,0.42844725,0.42338365,0.42907137,0.43549326,0.43417755,0.42974445,0.44766113,0.4412351,0.44009525,0.4438695,0.4492003,0.4509025,0.44754997,0.4548009,0.4561272,0.46159,0.47156003,0.4691761,0.4600321,0.46165624,0.48114914,0.47693536,0.4691474,0.48578578,0.4913615,0.48292866,0.49167508,0.4760219,0.4936615,0.467102,0.50179136,0.5023141,0.4807919,0.4393266,0.46721572,0.41419682,0.42536142,0.4196571,0.432016,0.4212444,0.42586565,0.43490425,0.42294493,0.43944797,0.4609294,0.44492096,0.4471201,0.44762906,0.46118483,0.4666701,0.45803422,0.47537124,0.47685564,0.4625635,0.47038674,0.4719683,0.48962888,0.48651373,0.4920453,0.49319014,0.4938585,0.47083563,0.4816754,0.48483017,0.4711471,0.48363876,0.49330378,0.47746563,0.48403135,0.4737401,0.49537247,0.49277815,0.48835406,0.4880033,0.5280055,0.41469103,0.2642879,0.26283863,0.16347596,0.030405099,0.5285513,0.4800591,0.38744462,0.45175096,0.39493114,0.3483392,0.36611277,0.40063968,0.41615802,0.4110257,0.4187885,0.4292118,0.41299677,0.4385119,0.4308917,0.41054058,0.4106854,0.39348817,0.398105,0.3813046,0.4052368,0.3705158,0.3904592,0.39177862,0.39276275,0.3995892,0.3967404,0.42184794,0.3918377,0.41140378,0.40125147,0.39655477,0.4168598,0.41756085,0.41048864,0.3975284,0.39626902,0.39127922,0.39317435,0.3831207,0.36747238,0.37570688,0.37807968,0.37189725,0.3802058,0.3546618,0.3523689,0.3685907,0.3687989,0.3716186,0.3616881,0.36860403,0.3743448,0.4004839,0.3628586,0.3592573,0.3529689,0.31339917,0.25234297,0.24007334,0.14717504,0.0479319
Synthetic_16,0.0027424984,0.8880066,0.109250925,synthetic,0.057839815,0.06317198,0.065292925,0.062154487,0.07634323,0.06813285,0.07529222,0.07292909,0.0844792,0.08776927,0.08539976,0.09833211,0.0957031,0.10354874,0.10761218,0.10390021,0.10950872,0.11840923,0.12747446,0.12005176,0.12374324,0.12589714,0.14755666,0.1275933,0.14217022,0.1411987,0.13934158,0.17523935,0.18025093,0.1736333,0.18485136,0.17907926,0.18781523,0.20800732,0.20155829,0.22085708,0.21149294,0.2233091,0.25295568,0.22337425,0.24128033,0.24750866,0.25489226,0.2549387,0.25949085,0.2711254,0.2659606,0.2500859,0.27375823,0.27629414,0.28695512,0.29799178,0.27768967,0.28592739,0.29296127,0.31744108,0.2989013,0.31754434,0.31745407,0.3092755,0.30122596,0.31810153,0.3216523,0.33827597,0.33984387,0.33529505,0.34351087,0.34422094,0.35445777,0.35275882,0.3544129,0.34846738,0.35313317,0.3603649,0.36053938,0.3664887,0.3607988,0.3725668,0.38750446,0.37081242,0.37902397,0.38503093,0.37116277,0.38651347,0.39213088,0.402987,0.3727678,0.3882397,0.40132725,0.4080723,0.40587097,0.39571384,0.3922329,0.40747494,0.40128854,0.40290207,0.37899405,0.38530827,0.38819334,0.38188052,0.34178394,0.34329864,0.33296302,0.3239944,0.3031529,0.31324327,0.31194714,0.30894572,0.31904235,0.339926,0.31721777,0.34257418,0.34466714,0.35798714,0.35640305,0.3677477,0.3676539,0.36793846,0.36670518,0.36405772,0.39499205,0.37399575,0.41336614,0.39953518,0.41031983,0.3875311,0.39092913,0.41025737,0.40349707,0.4060134,0.39268747,0.4131639,0.38532314,0.39764425,0.40311587,0.40418583,0.38678363,0.3797076,0.3824687,0.37163183,0.37175986,0.3486909,0.38984042,0.39289865,0.18901493,0.027885472,0.09105159,0.5303749,0.294057,0.50378245,0.33807448,0.5249877,0.23668562,0.19940525,0.2302943,0.25971273,0.28332415,0.28724968,0.29054606,0.28944692,0.29678002,0.29686567,0.30206898,0.31220555,0.28708845,0.31166297,0.2761008,0.2801055,0.299361,0.2781828,0.2729231,0.27121887,0.28564423,0.27789453,0.2939865,0.30680004,0.27179495,0.2767539,0.3090326,0.28462774,0.31008306,0.3131277,0.2901481,0.30619684,0.2981494,0.29091164,0.2849634,0.27222428,0.26983336,0.28004438,0.27466995,0.26447526,0.24066915,0.24458702,0.24137323,0.26265243,0.24318948,0.25924367,0.2609697,0.2619496,0.23840061,0.26947904,0.23240966,0.23092863,0.21195026,0.24406885,0.17599802,0.06351965,0.024415608,0.018815462
Synthetic_17,0.00018347203,0.14854123,0.85127527,synthetic,0.05888919,0.057809997,0.062227327,0.07401478,0.085122496,0.07907551,0.08289509,0.083239384,0.08766712,0.093068145,0.107510984,0.097525306,0.11064199,0.11410437,0.11482458,0.12617788,0.11981661,0.12833421,0.13673985,0.1399743,0.14223345,0.1501002,0.1504208,0.1407695,0.1699017,0.16227633,0.16095108,0.15664224,0.16587117,0.17733558,0.18039045,0.18320532,0.19081266,0.1934947,0.19595428,0.2115265,0.21081308,0.22496308,0.20636028,0.22514209,0.23255429,0.23937091,0.23763886,0.23032558,0.25030684,0.24870782,0.24770755,0.26195014,0.26054823,0.25501764,0.2586483,0.26103902,0.272759,0.2686598,0.2658656,0.26731348,0.27214432,0.28056973,0.2816639,0.29595613,0.2783326,0.2899453,0.28940186,0.29128772,0.29108042,0.2956889,0.30161232,0.29668826,0.3238897,0.3106036,0.3186136,0.3067702,0.28000185,0.30251664,0.30574945,0.3066497,0.30540434,0.3275424,0.33466542,0.31833807,0.33166817,0.32786205,0.34151754,0.35841253,0.3385601,0.34418824,0.3359306,0.35590643,0.3420967,0.34426057,0.33089587,0.34708503,0.36244395,0.35175034,0.32258672,0.3222946,0.34140095,0.30340183,0.27634606,0.2550074,0.2904081,0.28237262,0.31690994,0.31634825,0.3280594,0.32573697,0.3448109,0.3397969,0.3404576,0.34542763,0.36263818,0.37429836,0.35506043,0.3718274,0.3650508,0.38242805,0.3582576,0.37860894,0.37416518,0.37979597,0.38980976,0.38476494,0.37457258,0.3825629,0.39002204,0.36928487,0.3730505,0.38479662,0.37274167,0.3944392,0.367853,0.39724353,0.38604316,0.37688628,0.39143088,0.3859697,0.37605643,0.3873321,0.36050776,0.35792553,0.36825326,0.3584827,0.3510971,0.40250096,0.61153066,0.69312215,0.6224766,0.6926407,0.29671204,0.28276727,0.34854904,0.27995893,0.3394713,0.31736103,0.2949351,0.34521744,0.36022028,0.36913007,0.36177066,0.3456646,0.33896938,0.37081584,0.34228203,0.3484628,0.36081368,0.3565516,0.34784922,0.3466116,0.35865,0.35945955,0.3421261,0.37491772,0.34240222,0.35736972,0.33738628,0.33770582,0.33379057,0.34394258,0.3455937,0.34992552,0.34342462,0.34452134,0.3479586,0.34804842,0.3527894,0.33883485,0.3486027,0.32207257,0.31580138,0.31687257,0.34675202,0.3301746,0.3321532,0.35474145,0.2955526,0.31953648,0.3239574,0.30986434,0.31180093,0.31843448,0.3246111,0.313133,0.31094167,0.29258344,0.31417173,0.27624753,0.30934128,0.20780098,0.28181386,0.35400504
Synthetic_18,0.57679147,0.4232086,7.4367508e-09,synthetic,0.016281057,0.019549262,0.021503517,0.022130515,0.025357656,0.02674165,0.03031446,0.033266068,0.032703515,0.032138154,0.035923764,0.038191486,0.044644658,0.051101763,0.05889741,0.063696034,0.05802806,0.06380436,0.066277824,0.058972906,0.059040964,0.060884953,0.061361738,0.0631904,0.054346178,0.04996074,0.04755433,0.044479806,0.049991757,0.060162544,0.087523356,0.13666992,0.17171437,0.20183715,0.21546707,0.2456517,0.25513235,0.24598886,0.2577015,0.2590507,0.28035963,0.26765224,0.27554312,0.25972652,0.28161132,0.286511,0.2757565,0.27069312,0.2897202,0.28491125,0.28626776,0.28286922,0.2923419,0.2837989,0.2740279,0.27519843,0.2685132,0.26233757,0.25812012,0.27606302,0.26509684,0.28182322,0.2783105,0.2801839,0.2888444,0.2892798,0.29686615,0.30819777,0.30365887,0.3080687,0.31335858,0.30064577,0.29606068,0.29284862,0.2691529,0.25580025,0.23173818,0.23478721,0.22177324,0.20766495,0.23644593,0.22722177,0.23137152,0.2641339,0.24382494,0.25195387,0.2512236,0.2586743,0.2487523,0.25356856,0.2430043,0.2251549,0.22295897,0.23034064,0.20057182,0.18923949,0.18458058,0.16609694,0.13624476,0.121434204,0.08324823,0.07741861,0.07074967,0.06293139,0.05439917,0.060894188,0.053912565,0.059868578,0.061912086,0.061310273,0.0681161,0.076228656,0.07502567,0.08416153,0.07879852,0.08320762,0.08421127,0.09247767,0.094991595,0.09554644,0.10403834,0.098422706,0.10594759,0.11105732,0.113183744,0.10956797,0.1089531,0.11650798,0.11515193,0.11165559,0.10618443,0.109546475,0.1016321,0.10129487,0.10107424,0.09909253,0.09705453,0.099738985,0.09765091,0.09539774,0.09005997,0.10180799,0.10588602,0.16045608,0.4584058,0.28880662,0.26842013,0.20900121,0.078611806,0.094976366,0.16930988,0.058665466,0.02947132,0.027673496,0.03289098,0.03767087,0.036714483,0.040319648,0.040850323,0.040148146,0.040894624,0.044481322,0.042955346,0.04624503,0.047322676,0.04963968,0.04441873,0.04666016,0.049154293,0.044866167,0.0501289,0.04754579,0.050381333,0.050236236,0.047184125,0.051027697,0.048117395,0.05317019,0.050018508,0.05318595,0.054207567,0.057455588,0.05678124,0.056611244,0.05299437,0.051626086,0.048074555,0.048906107,0.04642604,0.05007594,0.04203506,0.041392278,0.039549842,0.040544532,0.03642004,0.038547214,0.037507296,0.03633117,0.0325596,0.03577651,0.038085397,0.04036833,0.03438709,0.029667467,0.0318494,0.036692947,0.03260675,0.04111285,0.13370536,0.14469543
Synthetic_19,0.68371254,0.31628615,1.331053e-06,synthetic,0.016604472,0.018147627,0.018643524,0.022247722,0.02571838,0.027285697,0.03245223,0.03389608,0.03183345,0.03427647,0.033366855,0.041924376,0.041778464,0.049326833,0.05942954,0.064665064,0.059083637,0.061633114,0.059311494,0.058461532,0.059951626,0.058901656,0.057331976,0.0569558,0.05574652,0.04999341,0.046946716,0.045596153,0.044226427,0.057253808,0.09246559,0.14572883,0.1938001,0.25416815,0.29801074,0.33876285,0.35457638,0.34407693,0.36209595,0.37098294,0.38407245,0.37611336,0.3881993,0.3703407,0.40287188,0.40166885,0.39743644,0.40770024,0.40755308,0.4084643,0.40985337,0.40829378,0.4186516,0.400538,0.39366132,0.37502745,0.37146905,0.3505719,0.34991333,0.3805098,0.376552,0.3821559,0.39467382,0.41210222,0.41143948,0.41757423,0.42794767,0.4349424,0.44358408,0.43015948,0.43515092,0.42058685,0.40698218,0.38330513,0.35008383,0.32581574,0.30603188,0.3073187,0.28244483,0.28160706,0.29316095,0.30150208,0.29985866,0.3413802,0.3166709,0.3315346,0.33271107,0.33558783,0.3316614,0.34075442,0.31875134,0.30487084,0.28781447,0.2669382,0.24263713,0.21738982,0.20151706,0.15074077,0.15025985,0.12082951,0.090835854,0.07739895,0.07991241,0.06214852,0.061327413,0.06553883,0.05630526,0.061068647,0.07202706,0.066969484,0.07823136,0.08793514,0.0855601,0.093764335,0.09570097,0.099203855,0.10410694,0.10824358,0.10921319,0.1203379,0.13034913,0.12169657,0.119753405,0.12835872,0.13992259,0.13136719,0.13303953,0.13552938,0.14000726,0.13369928,0.13146003,0.13164252,0.11854475,0.12070106,0.123954065,0.11613742,0.11786968,0.1170634,0.11614023,0.1164354,0.09722468,0.08796125,0.09463618,0.110068426,0.10239206,0.074561745,0.061946142,0.079584025,0.06571574,0.06141872,0.043174613,0.03627635,0.03470014,0.025050523,0.023660252,0.029573947,0.030352116,0.034812897,0.033986084,0.033067245,0.03755624,0.03945526,0.04271874,0.044131067,0.044953924,0.048120804,0.045049883,0.048427816,0.050981075,0.045067277,0.051710147,0.052249223,0.05003497,0.05375432,0.05150159,0.056597624,0.05347768,0.056632843,0.05792312,0.059527982,0.059566945,0.055241648,0.061572727,0.063907534,0.055948887,0.05567845,0.052300606,0.04765219,0.047020014,0.048171677,0.04473834,0.037296988,0.044793252,0.042275313,0.036237046,0.03806213,0.03565627,0.036274724,0.03122162,0.03174678,0.027923765,0.03113584,0.025345149,0.020813022,0.021555845,0.03306732,0.017011827,0.03421558,0.09196348,0.10548576
Synthetic_20,5.7591948e-05,0.00030277463,0.99963963,synthetic,0.038104188,0.049399856,0.059121836,0.062111367,0.060523055,0.06076688,0.06534926,0.07234638,0.07257182,0.0794526,0.08337397,0.08300631,0.08818675,0.09368323,0.095760785,0.09359252,0.0985917,0.11759397,0.12186756,0.106606394,0.12174748,0.13098504,0.13533732,0.12742846,0.13716139,0.12665576,0.13882512,0.13603117,0.14687997,0.15093547,0.13601688,0.1518392,0.15721282,0.1600025,0.17564027,0.17971036,0.18497692,0.18451199,0.17753813,0.17731957,0.18247506,0.19071583,0.20437506,0.19800569,0.1964479,0.19383065,0.19380459,0.21459244,0.21164744,0.21009386,0.20848025,0.21983264,0.23362479,0.23159398,0.23306671,0.23831864,0.23764266,0.23732336,0.22718608,0.23601042,0.22358787,0.24109934,0.24186975,0.23694113,0.2396434,0.22968055,0.22924377,0.23443444,0.25120577,0.25896493,0.24211833,0.23493195,0.24216256,0.27288467,0.25912392,0.27047986,0.26980585,0.26079437,0.26975226,0.27275512,0.2720695,0.26385653,0.27073184,0.28554308,0.24976064,0.2646369,0.25992742,0.26425198,0.26332617,0.26593482,0.2670463,0.25516707,0.295123,0.28513443,0.27682605,0.28319094,0.32707125,0.36569107,0.42691568,0.41245037,0.33282062,0.26704794,0.24977924,0.24476072,0.25774345,0.25560558,0.25681755,0.25128263,0.25763956,0.25212315,0.25778946,0.25122067,0.24614951,0.2583747,0.25822625,0.26824334,0.26916856,0.27207226,0.26558208,0.27211085,0.27978763,0.26628196,0.28577074,0.28100085,0.2629658,0.26458088,0.24777257,0.2638807,0.27161178,0.30080137,0.26016662,0.28150335,0.30307436,0.26550633,0.27937794,0.27540058,0.27545404,0.26921833,0.27340263,0.26973152,0.2725448,0.29227462,0.28196588,0.27744186,0.09355401,0.46116215,0.32223597,0.08647245,0.29798755,0.24659966,0.44897825,0.37692478,0.18970622,0.2909609,0.19744883,0.23325568,0.23115838,0.22627407,0.23551245,0.21361461,0.23092845,0.23567952,0.22649054,0.22735766,0.24167478,0.25269803,0.24491328,0.26651916,0.25747833,0.2712829,0.25577477,0.24467671,0.25321823,0.26259804,0.26611674,0.24565455,0.24682732,0.23719731,0.23446487,0.2460982,0.256337,0.22462618,0.24637344,0.25080994,0.25470152,0.2545561,0.2645232,0.22929011,0.25292078,0.24192877,0.24862331,0.24982372,0.23784666,0.25135761,0.22287686,0.25168207,0.23200715,0.2543754,0.2246654,0.23318276,0.21240999,0.2568222,0.22986095,0.20681548,0.23402141,0.18405487,0.1902362,0.1445468,0.17313969,0.25329214
Synthetic_21,0.55521905,0.44478098,9.071937e-09,synthetic,0.015782258,0.016133085,0.018852076,0.020061264,0.023052042,0.024091646,0.027348856,0.028727341,0.029336147,0.029023124,0.029879823,0.035690103,0.041075327,0.0465568,0.052554812,0.05806438,0.060243502,0.0543119,0.053489666,0.054280378,0.05301984,0.04874657,0.051560882,0.053719826,0.051457833,0.050257817,0.048470154,0.042359512,0.048193455,0.053064857,0.08541229,0.11978837,0.16254912,0.19481796,0.21829693,0.24305107,0.25094897,0.2616913,0.25582528,0.2709335,0.27373385,0.27127817,0.29154268,0.27677268,0.2814134,0.27414253,0.28378168,0.29575893,0.3007801,0.3082254,0.30932188,0.29880625,0.30034265,0.2995903,0.3006757,0.2908898,0.28331372,0.294471,0.27881342,0.2943709,0.2957238,0.30357412,0.31187755,0.31938455,0.32722792,0.33137774,0.32265764,0.33286536,0.33360478,0.3400377,0.3324085,0.3419042,0.33346793,0.3313013,0.3080998,0.3010413,0.27982256,0.27249983,0.27075282,0.27116075,0.27454334,0.27078035,0.28449112,0.3017542,0.29398873,0.3033527,0.29566208,0.3195894,0.30356976,0.31301576,0.30658334,0.29149672,0.28608298,0.274407,0.2509224,0.2473905,0.2531206,0.22748269,0.23875646,0.21640638,0.2171191,0.08723812,0.098677486,0.10161486,0.093464725,0.092650294,0.08834871,0.09447146,0.108139396,0.1053716,0.11284855,0.11708421,0.114146076,0.13214761,0.13415751,0.13571785,0.14054514,0.14349808,0.1574442,0.15604952,0.15796657,0.16545957,0.1632896,0.17336017,0.17399979,0.17302528,0.17765869,0.17054373,0.1781851,0.17512666,0.16488001,0.16744085,0.15311098,0.15738961,0.1653694,0.15798374,0.15553372,0.15425068,0.14748305,0.14990778,0.1493598,0.17660451,0.17819671,0.1567713,0.16619979,0.16151199,0.1351553,0.13182622,0.10717267,0.102118,0.062711276,0.07212786,0.05914217,0.06364838,0.079830445,0.085821554,0.08016036,0.083245955,0.08403443,0.08540796,0.09089904,0.09002215,0.09281506,0.09335336,0.091067314,0.0842897,0.08924246,0.08816861,0.08806781,0.09099466,0.092430174,0.089400396,0.08423302,0.089582816,0.089980125,0.088318795,0.09013377,0.094801776,0.10376685,0.10431331,0.09377744,0.10448609,0.10345072,0.10383716,0.09974682,0.09096165,0.08798905,0.079343,0.07985821,0.08094373,0.070644386,0.06673578,0.07228366,0.07439972,0.06962862,0.068833426,0.06652618,0.07088117,0.06726801,0.06784385,0.07348816,0.063105695,0.06048605,0.063792385,0.060241967,0.058610536,0.05718338,0.04267336,0.069395825,0.10436667
Synthetic_22,0.38509592,0.61358994,0.0013141369,synthetic,0.02953655,0.030937586,0.035023212,0.03487151,0.037670765,0.043069754,0.04819222,0.047356393,0.04680964,0.051158153,0.051786676,0.052179564,0.059939783,0.0661298,0.071463704,0.070058905,0.072117455,0.07208074,0.081356905,0.07636933,0.07165916,0.07530153,0.07379167,0.07701583,0.08178795,0.07680183,0.07937004,0.08230963,0.088015124,0.09281961,0.11262416,0.13055022,0.14704047,0.16309991,0.17342544,0.17435646,0.17763545,0.19222486,0.18815021,0.19498503,0.19107477,0.20544277,0.20543744,0.20984566,0.20880623,0.21090928,0.21858202,0.22738485,0.22830269,0.23235601,0.24146578,0.2387927,0.24022464,0.23745884,0.24175474,0.24414359,0.24242795,0.24745134,0.24793978,0.25622392,0.25797445,0.2538096,0.26585206,0.27962634,0.2817917,0.27768007,0.28146452,0.29463425,0.3010264,0.30747646,0.300975,0.3001681,0.30375642,0.30715272,0.29556444,0.2979869,0.30582502,0.2945683,0.29462352,0.3003861,0.3085601,0.30529532,0.31352994,0.308229,0.3178792,0.32429892,0.33104628,0.34409857,0.34519663,0.33940753,0.33851054,0.348925,0.33471403,0.33780867,0.33250874,0.33942395,0.26627618,0.25991723,0.26851025,0.27650192,0.3287228,0.20310141,0.17966734,0.2201762,0.23355114,0.2177455,0.22102305,0.21796921,0.23538505,0.22849995,0.24551839,0.2512095,0.25455868,0.2688137,0.27664122,0.28776595,0.27857918,0.3021125,0.30677754,0.31251627,0.32050127,0.32204813,0.33153132,0.33556908,0.33682147,0.34558687,0.34522697,0.3472266,0.35400656,0.35438114,0.34670037,0.3487528,0.34271625,0.3554918,0.34291884,0.3525806,0.3373138,0.33365208,0.3436178,0.3608427,0.34926584,0.32011577,0.35689247,0.36016718,0.39205715,0.39551327,0.37972936,0.32183993,0.28479013,0.25781125,0.20199636,0.22023457,0.19272284,0.18477075,0.19294046,0.19737697,0.20712432,0.2199676,0.20479828,0.2166738,0.21760716,0.22871809,0.22609285,0.23748687,0.23093003,0.2250348,0.23098652,0.22487749,0.21844956,0.22696549,0.23069496,0.23057938,0.2307454,0.24141435,0.25314754,0.25200585,0.24498652,0.2560986,0.24963842,0.24247013,0.24708836,0.2620083,0.2550314,0.24956591,0.25618216,0.24159919,0.23551534,0.21737714,0.22448081,0.22023,0.22146246,0.19663441,0.21362393,0.21697286,0.20403872,0.20864232,0.20190169,0.19814852,0.19788583,0.2125218,0.20716561,0.20308018,0.1898867,0.17948787,0.1822823,0.15853606,0.16497841,0.15754914,0.16107488,0.18891358
Synthetic_23,0.30274928,0.46078908,0.23646162,synthetic,0.037634168,0.03880729,0.041335836,0.044515293,0.0494252,0.050882965,0.053683046,0.05490947,0.052493673,0.060375344,0.06175035,0.066866525,0.08367611,0.09550238,0.104862735,0.11211996,0.10623318,0.11278911,0.10423102,0.11674548,0.110945866,0.106947176,0.10738161,0.11128975,0.1165878,0.11502865,0.10993065,0.10592639,0.113257624,0.13024637,0.15424864,0.1877445,0.2258244,0.24295443,0.2731082,0.28069687,0.2965647,0.2783506,0.29753172,0.2891129,0.2972287,0.31457734,0.31289563,0.3206868,0.31743065,0.3056083,0.3296848,0.31084678,0.31760678,0.35206315,0.32535556,0.32783166,0.32282788,0.3235941,0.31797025,0.33029968,0.31704253,0.34103975,0.33814555,0.32463858,0.33287337,0.34317887,0.33862424,0.35797405,0.35770687,0.35956547,0.37020195,0.36839718,0.37658483,0.36351693,0.3629352,0.3744812,0.3640346,0.3787418,0.36761728,0.36049768,0.34457973,0.35860568,0.3325204,0.33104873,0.3557633,0.35993353,0.36661428,0.36016083,0.38922116,0.35899302,0.3724049,0.37785134,0.37715697,0.37182978,0.38010404,0.36270633,0.3747782,0.36896324,0.37042078,0.35281685,0.34719217,0.35809153,0.32034025,0.3117745,0.33883333,0.34272814,0.2717386,0.24978279,0.25419658,0.23564975,0.24387902,0.2516751,0.2511061,0.25000054,0.25664094,0.27657315,0.2780497,0.2676874,0.28924796,0.2917388,0.30646062,0.3086685,0.31446987,0.29974842,0.31486455,0.31591517,0.32372057,0.34068114,0.33411866,0.3255482,0.33511934,0.33200586,0.31184494,0.32371774,0.34365177,0.32516372,0.34276795,0.34039906,0.33637282,0.3178885,0.30508843,0.32647488,0.30092606,0.3225873,0.31773594,0.39036208,0.44839242,0.2108597,0.055525754,0.028699592,0.07509537,0.28784758,0.07013101,0.0012595885,0.004224272,0.03922568,0.10367334,0.43319625,0.19347167,0.18220857,0.18872343,0.19485208,0.19277303,0.1997334,0.20514478,0.21695326,0.21554965,0.23301455,0.20461175,0.19783692,0.21978553,0.21755032,0.21992955,0.21705815,0.20428008,0.22965172,0.22915752,0.2186487,0.24236505,0.23165484,0.24422963,0.23376264,0.23162718,0.2580697,0.23721619,0.2443481,0.22835505,0.24029522,0.23363347,0.23516963,0.24304236,0.23568818,0.22969347,0.22147557,0.2224111,0.20710444,0.21298337,0.19840473,0.18973614,0.1943213,0.19219719,0.19224913,0.18182513,0.18300816,0.18051249,0.17935744,0.17241323,0.18230742,0.15235168,0.09844697,0.1213602,0.23716496,0.13480788,0.0065737558
Synthetic_24,0.38305512,0.61417186,0.0027730295,synthetic,0.040398553,0.042124223,0.046970554,0.048567012,0.04971115,0.055319462,0.048877463,0.05163553,0.0526933,0.058171414,0.056498256,0.06282401,0.0675387,0.07836494,0.083351575,0.08588778,0.08794642,0.087747544,0.0793745,0.08080966,0.07999933,0.08091061,0.076426156,0.077065535,0.07853961,0.08225643,0.07927486,0.07585044,0.074291244,0.089476995,0.11111385,0.14591342,0.18038718,0.20788139,0.22860053,0.23272981,0.23858921,0.24228325,0.24816094,0.2517699,0.2453213,0.25496283,0.24970287,0.25774974,0.25536516,0.2652987,0.26193592,0.26229015,0.26768976,0.26647687,0.27313605,0.26901174,0.2831735,0.2754681,0.27323362,0.27414337,0.27296597,0.2766131,0.28053612,0.278501,0.28027296,0.2732065,0.28289416,0.28468072,0.29098648,0.28904775,0.29106033,0.28941494,0.2978836,0.29510853,0.30032057,0.30032372,0.2932475,0.28491518,0.2802074,0.27331844,0.2767265,0.27913633,0.27959308,0.28165874,0.2807878,0.28260085,0.28764692,0.2841424,0.2922053,0.3011729,0.2986693,0.28720677,0.30078378,0.30731592,0.30282894,0.2910583,0.28486627,0.28396034,0.27238604,0.25675154,0.23936039,0.23961794,0.23486665,0.19953069,0.17439759,0.15817408,0.15256067,0.14688219,0.15002768,0.16004963,0.15252961,0.15102771,0.16532697,0.16923453,0.17279655,0.18356867,0.18108799,0.18802711,0.188705,0.19536854,0.1990217,0.21084058,0.22291401,0.2234829,0.22205709,0.22699344,0.23448251,0.2361163,0.23858222,0.23857811,0.24490342,0.24575523,0.23814638,0.25160274,0.23941106,0.22528769,0.23809542,0.23398614,0.23537382,0.2259563,0.22376361,0.20871392,0.21602722,0.2214415,0.20789391,0.18402103,0.2159161,0.09411266,0.27043098,0.2937774,0.29428577,0.08238591,0.070920065,0.10033523,0.1423806,0.05103973,0.10597489,0.092121474,0.095938295,0.104277864,0.11773321,0.12710573,0.12480555,0.13578562,0.1318465,0.13439357,0.14171754,0.14163478,0.14192215,0.1443442,0.14078522,0.15284671,0.14886813,0.14620014,0.15414746,0.1537079,0.14031993,0.1617417,0.15788464,0.1544809,0.15237398,0.16072465,0.16421382,0.16849567,0.16624501,0.16904625,0.17305109,0.16832621,0.16236825,0.160814,0.15876515,0.14739005,0.13446742,0.1380726,0.13431868,0.12386334,0.13183165,0.13281412,0.12817052,0.12514155,0.12357768,0.11733461,0.117471345,0.11394886,0.09911232,0.09999444,0.093318895,0.09761257,0.07324368,0.07725889,0.07842506,0.053844668,0.047508847,0.18756144
Synthetic_25,0.0015642938,0.9352079,0.06322789,synthetic,0.026896546,0.03039131,0.03952413,0.0442601,0.04712482,0.05057387,0.06051785,0.061162826,0.06564742,0.074240774,0.07133187,0.08692674,0.082819216,0.105601475,0.11477016,0.1138425,0.112766236,0.12831947,0.13690169,0.12460663,0.13438568,0.14137682,0.13318586,0.14519534,0.1464674,0.1629158,0.15680848,0.17376794,0.18472816,0.1847617,0.20465812,0.20344087,0.23975949,0.23791595,0.23020694,0.24841182,0.23514964,0.25824305,0.26326233,0.24053009,0.2409162,0.2688161,0.27540118,0.27665296,0.265862,0.2908677,0.29779506,0.2564354,0.29192296,0.28775373,0.29513034,0.31293628,0.31203088,0.2939606,0.30154172,0.30618533,0.31927213,0.3071211,0.32050836,0.31429797,0.33224884,0.32425016,0.31883308,0.33310172,0.35154435,0.33454743,0.33522668,0.34146136,0.36357737,0.35281685,0.36341166,0.3532341,0.36985907,0.353712,0.35057443,0.3784453,0.37322134,0.3980121,0.3883425,0.3887333,0.39528042,0.3861682,0.38233072,0.3987778,0.38203797,0.40098748,0.37822905,0.4060255,0.39941174,0.3969503,0.42308518,0.39344102,0.42434397,0.4210746,0.39116344,0.40220124,0.4089277,0.37181616,0.31420994,0.37180504,0.3668755,0.3300282,0.32797506,0.31414366,0.28385568,0.28847042,0.31033692,0.30158573,0.29308084,0.318035,0.307125,0.3327359,0.33604687,0.36421415,0.33616745,0.33562407,0.33537954,0.33549547,0.35209113,0.37770775,0.35488677,0.35220376,0.3671504,0.37072802,0.3876488,0.37395588,0.37656036,0.39518607,0.3757994,0.39138538,0.3873542,0.3887934,0.35971344,0.38033244,0.37108722,0.361302,0.36796543,0.37032768,0.35910046,0.35731292,0.3398964,0.2783695,0.4764615,0.42350554,0.21555395,0.08500834,0.15814747,0.21266577,0.09744451,0.11501393,0.09533163,0.06268112,0.46520054,0.30359143,0.17762887,0.19622508,0.2467783,0.27331907,0.24770382,0.26634634,0.2623622,0.2788639,0.26177165,0.2549399,0.28049514,0.25257275,0.23100743,0.24496807,0.238988,0.24053572,0.25199175,0.24114828,0.23876616,0.25513595,0.25639236,0.24824856,0.2523035,0.2536777,0.2673062,0.25726208,0.254508,0.27954218,0.2745579,0.26133546,0.24848415,0.26062825,0.2475815,0.25673366,0.22386979,0.24271043,0.20595625,0.23721364,0.20858978,0.20068789,0.22952278,0.21219598,0.20004968,0.2136837,0.20640236,0.19353937,0.20376827,0.16037959,0.16085109,0.1555053,0.12603128,0.15520333,0.12633967,0.09803281,0.038837153,0.22876179
Synthetic_26,0.019381097,0.4596877,0.52093124,synthetic,0.05240214,0.05096442,0.060924035,0.04994164,0.06388118,0.06361234,0.068969354,0.06840723,0.078613415,0.09168147,0.090914056,0.091915004,0.09212805,0.09781279,0.11464063,0.10913049,0.11723929,0.12346661,0.12658018,0.14181352,0.14569493,0.14361753,0.14608775,0.14035007,0.16179591,0.16177118,0.1585896,0.17221338,0.18193434,0.18131919,0.20253368,0.1995512,0.2167605,0.22050454,0.22014818,0.22020993,0.23611681,0.23149078,0.25054485,0.24233763,0.25049523,0.24884279,0.24894603,0.2610985,0.2662879,0.27193058,0.2690429,0.26420215,0.27233365,0.27824292,0.2762027,0.2832496,0.27749825,0.284469,0.2884911,0.30975866,0.2866298,0.31002003,0.29844585,0.2873504,0.29057124,0.30886245,0.30102858,0.31616828,0.31807956,0.3160438,0.31249183,0.31459594,0.32747057,0.32594225,0.31934443,0.3168594,0.32481277,0.3253162,0.3284846,0.3247848,0.3340893,0.3299784,0.34059024,0.34996802,0.33615646,0.3454245,0.35110095,0.35441202,0.35453227,0.3542991,0.35167506,0.356896,0.36293864,0.35831884,0.36953717,0.36727527,0.36483884,0.37077102,0.36349782,0.3706685,0.3346303,0.3306308,0.31009373,0.30125844,0.30365264,0.2765985,0.2758373,0.28504255,0.285465,0.29071152,0.27128005,0.28152838,0.293597,0.2927851,0.29002735,0.30615467,0.31084174,0.29637456,0.317002,0.3363645,0.3194935,0.3360655,0.327806,0.34425938,0.35305405,0.3426128,0.36191565,0.34548384,0.36655763,0.36279565,0.3594845,0.37579083,0.3694777,0.36262918,0.348012,0.3612431,0.3600971,0.3589348,0.3596244,0.35560066,0.36858532,0.35338345,0.35866103,0.3465842,0.34732905,0.3480643,0.3328329,0.36548293,0.2706926,0.10823194,0.17648625,0.32683668,0.46743697,0.25993282,0.21911131,0.1416672,0.193053,0.19580594,0.20540039,0.21342318,0.23217198,0.23503031,0.23770162,0.26369017,0.2523086,0.26256242,0.2542407,0.27442014,0.25821647,0.29362878,0.2609322,0.26141402,0.28591734,0.28584144,0.25832826,0.27670804,0.2741772,0.27941725,0.29099944,0.2929698,0.29114383,0.28784618,0.280024,0.291044,0.29053438,0.2947973,0.27926606,0.3081833,0.2819541,0.2885456,0.28297305,0.27738404,0.2555821,0.26121104,0.26510814,0.26310346,0.2486009,0.24490187,0.24319875,0.25272736,0.2444603,0.23556378,0.24709667,0.23792863,0.2294145,0.20901239,0.19221058,0.19625604,0.14666876,0.15803395,0.12857844,0.081890084,0.019982593,0.0015873224
Synthetic_27,0.0012502962,0.060602047,0.93814766,synthetic,0.052045282,0.05451628,0.062848695,0.06468507,0.07255928,0.06911638,0.06858932,0.072439685,0.07667914,0.09016901,0.09574982,0.09197134,0.09815361,0.096704,0.1141718,0.109168656,0.11873077,0.12255748,0.13333501,0.13342433,0.13305381,0.14942849,0.14712316,0.14125808,0.16215596,0.15563107,0.15988748,0.15301608,0.17817655,0.17252018,0.18334351,0.18640523,0.1876945,0.19390441,0.19695164,0.20156784,0.21911107,0.21198194,0.21582499,0.22160478,0.22732249,0.23449494,0.22512737,0.23429926,0.23710814,0.24474156,0.24120377,0.24917488,0.24657217,0.25605613,0.25414506,0.26566285,0.2572591,0.2740576,0.26787767,0.2704214,0.2766535,0.279802,0.2835443,0.28389832,0.27567777,0.27923793,0.29560068,0.30124047,0.28736112,0.29129878,0.29464933,0.29185328,0.31308168,0.30619523,0.30562472,0.29483745,0.28969347,0.30415574,0.3008125,0.3114466,0.31940508,0.32138407,0.32337824,0.3249379,0.32017455,0.33072776,0.34760797,0.33955482,0.33293426,0.33741507,0.33952987,0.35144502,0.34105903,0.33584535,0.33474863,0.33478808,0.34794942,0.3495449,0.3406672,0.34199694,0.33250344,0.36185244,0.36410114,0.31884262,0.34979117,0.3295891,0.33302957,0.31674382,0.33317235,0.32921734,0.3430161,0.33671662,0.33501083,0.34682333,0.35337126,0.3507726,0.35555708,0.3438818,0.3522097,0.37049556,0.3510128,0.37512374,0.35840043,0.3709014,0.37720725,0.36836082,0.36743763,0.37116086,0.37021112,0.36206365,0.36784118,0.36016864,0.36171302,0.36540484,0.34834406,0.37267816,0.37543753,0.3645516,0.36505017,0.36676478,0.3779367,0.3605683,0.36200324,0.3631206,0.347543,0.36463863,0.36854088,0.43944737,0.45074627,0.36470053,0.33059332,0.6952753,0.5909041,0.32477483,0.45313475,0.3345572,0.34932357,0.2777504,0.3069872,0.29490128,0.31786627,0.31620565,0.3090952,0.31011584,0.30717948,0.32358488,0.303012,0.33103466,0.32924068,0.3348837,0.32481137,0.33366638,0.33284786,0.3436629,0.32483396,0.3384152,0.33193073,0.34634408,0.3441093,0.33399752,0.3377122,0.32291746,0.33202916,0.32208925,0.3235139,0.32382393,0.33057636,0.3216155,0.32847938,0.31923434,0.32447335,0.3134113,0.30138272,0.2999892,0.3151359,0.317182,0.3065031,0.31456086,0.29156044,0.29559657,0.28915757,0.29725227,0.2820078,0.29090667,0.29432952,0.27589568,0.2810824,0.23605576,0.24504916,0.25059596,0.2349498,0.23739265,0.18949541,0.15203488
Synthetic_28,7.57441e-05,0.04728915,0.95263517,synthetic,0.06255957,0.072710425,0.07910777,0.085669436,0.090336524,0.08280699,0.09742002,0.098183535,0.09319321,0.107764006,0.12305286,0.11053021,0.13200903,0.12464281,0.14082277,0.13683426,0.14588043,0.14968902,0.16063306,0.15801336,0.15977167,0.16749239,0.17060438,0.17241961,0.1951415,0.18345393,0.19083755,0.17398521,0.19371057,0.19877896,0.19867493,0.21651572,0.21707095,0.22135922,0.23040517,0.22685619,0.23692799,0.23544033,0.2351354,0.247849,0.24592628,0.25526845,0.25968418,0.2618648,0.26337433,0.26656735,0.27145702,0.27897692,0.2667847,0.27584666,0.27645165,0.29147187,0.30445924,0.31027952,0.3042345,0.31539115,0.31147256,0.3116151,0.30979052,0.3251893,0.30995327,0.3173888,0.32105216,0.33237413,0.32301176,0.31800634,0.33058152,0.32999572,0.3549896,0.34864357,0.33942488,0.34058595,0.34196278,0.37368035,0.36218485,0.37590685,0.36682048,0.36329588,0.36569062,0.36697185,0.3610881,0.37173456,0.37581167,0.35977897,0.36737362,0.36703098,0.37358662,0.37357917,0.3883857,0.36130115,0.36781374,0.3753089,0.3991174,0.39555964,0.38216904,0.38214576,0.4200106,0.42522547,0.46640775,0.4458168,0.45827758,0.41156667,0.423449,0.37871858,0.39254332,0.39424655,0.38810924,0.3875961,0.3663266,0.3703752,0.37931678,0.37673008,0.3796732,0.36694622,0.3759541,0.37946907,0.38330844,0.38508654,0.39210013,0.4004982,0.38284817,0.3918865,0.37960842,0.39805275,0.39532274,0.39749676,0.38982514,0.39701638,0.40107438,0.41130406,0.3988022,0.41803962,0.41261405,0.41053247,0.41160887,0.41074362,0.40280658,0.40885875,0.403678,0.4191622,0.43871298,0.42557415,0.4256098,0.40439838,0.47596413,0.30418634,0.43217102,0.53512204,0.35918298,0.3333463,0.19379091,0.41232058,0.33211744,0.38409168,0.3347743,0.35775337,0.38069713,0.37583578,0.36855584,0.36006585,0.3676561,0.3878491,0.36956894,0.3765102,0.3773198,0.3576357,0.386689,0.37105116,0.38046318,0.37759757,0.35934746,0.37798157,0.36045474,0.37909698,0.3731269,0.36741522,0.36146605,0.3651566,0.36064383,0.37124088,0.3670802,0.34447086,0.37691715,0.37362573,0.38074902,0.35949463,0.3745292,0.36137742,0.36667868,0.36210632,0.35544312,0.349604,0.36109152,0.36874273,0.34134877,0.35817796,0.34590065,0.37887064,0.33724073,0.34065792,0.36533454,0.34543347,0.34761158,0.3271709,0.3214499,0.26750028,0.30278146,0.27403533,0.22954133,0.4401586
Synthetic_29,0.0009375481,0.30598697,0.6930755,synthetic,0.05826434,0.058117665,0.06458897,0.07482769,0.0800459,0.082964145,0.0867116,0.084506825,0.093299374,0.094148844,0.10277334,0.105561964,0.113458455,0.11739023,0.114269696,0.12661707,0.12700096,0.13614418,0.13729326,0.14402808,0.14245972,0.15619373,0.15667395,0.15305537,0.17436066,0.16908339,0.17782953,0.17135774,0.17602496,0.19112621,0.18587592,0.18963726,0.18777157,0.20096995,0.20372629,0.21264122,0.21776424,0.22501627,0.21867202,0.23533066,0.22662327,0.24490456,0.23318398,0.22872873,0.24216685,0.24719425,0.25049,0.26029396,0.26222152,0.25573418,0.26563978,0.26861155,0.27250293,0.2708851,0.26794854,0.26659265,0.27824888,0.28296486,0.2877205,0.29478714,0.28443894,0.28700465,0.29354352,0.29787812,0.2909227,0.29979464,0.3013723,0.298438,0.3106527,0.30610046,0.3218818,0.30917478,0.29454088,0.31057554,0.3038526,0.31626973,0.32181853,0.3330242,0.3373069,0.33181202,0.3310604,0.32902074,0.35001707,0.35384434,0.34228507,0.35321617,0.34628794,0.35231343,0.35311946,0.35774058,0.34532413,0.34766954,0.36145166,0.3584699,0.34005007,0.3364379,0.3303365,0.31968647,0.29867527,0.28571013,0.30066448,0.30290562,0.3362305,0.3239458,0.34021893,0.3278347,0.3442938,0.33592734,0.34067786,0.34880093,0.36858276,0.36687472,0.3594077,0.36605498,0.3641216,0.37487265,0.36093315,0.38392788,0.36122915,0.37322664,0.38107833,0.37570712,0.383872,0.37370324,0.38096115,0.37265748,0.377738,0.3786045,0.37554994,0.38855806,0.37926874,0.39403906,0.39472413,0.3823636,0.37983608,0.37646088,0.3921913,0.3774174,0.3703046,0.36734796,0.35891035,0.3281242,0.30269572,0.33340904,0.48658907,0.6248082,0.32325107,0.22715817,0.35456038,0.24713942,0.34133127,0.31354475,0.3069474,0.2970456,0.27913183,0.32530856,0.33637437,0.34779355,0.34680367,0.34823078,0.3572389,0.3665467,0.3458423,0.36380973,0.35951683,0.3524816,0.34758076,0.357295,0.34629387,0.35010824,0.34793836,0.36715347,0.334713,0.356478,0.34877244,0.34369263,0.34006548,0.3483706,0.35050717,0.34685817,0.3418725,0.34526482,0.35357177,0.34891307,0.34194717,0.34455472,0.3523396,0.32407454,0.32595703,0.32119814,0.34352842,0.33065006,0.32314542,0.34383833,0.31143934,0.31554613,0.3166795,0.3056704,0.31112933,0.3239468,0.3134952,0.31786636,0.3074201,0.28543776,0.27980715,0.2745593,0.28052416,0.26490754,0.31531984,0.3406401
Synthetic_30,0.2531946,0.7467939,1.1391889e-05,synthetic,0.022433864,0.024829954,0.026991293,0.02849111,0.029954802,0.030118028,0.03481069,0.03325256,0.03430269,0.03573852,0.038064335,0.03853324,0.04504514,0.05025354,0.05228573,0.05881797,0.05808313,0.061017927,0.06028297,0.057904627,0.058584582,0.060131542,0.05829412,0.061632637,0.06210726,0.06258845,0.059919808,0.056521773,0.06263514,0.07048839,0.08835997,0.12167934,0.14204368,0.1577611,0.1639573,0.17207713,0.18174486,0.18315116,0.18955682,0.1835919,0.19078602,0.19926673,0.19502474,0.19276047,0.20011882,0.2096081,0.20231168,0.20396298,0.211001,0.20812601,0.205032,0.20913318,0.21760684,0.21774557,0.21031529,0.21307233,0.21429363,0.21124208,0.21032257,0.22121212,0.2171499,0.22422248,0.22472903,0.22617409,0.23230104,0.23827629,0.23846821,0.23697695,0.24292397,0.24386132,0.24942866,0.24153425,0.24394673,0.2427057,0.2346306,0.23107144,0.22380811,0.2212082,0.2206058,0.21791227,0.22101243,0.22478439,0.22208324,0.2267184,0.23497146,0.24049605,0.24547723,0.23905036,0.24843122,0.24436413,0.24569313,0.23923476,0.24269599,0.24535029,0.22453555,0.21994756,0.20408753,0.19272693,0.18244614,0.16555916,0.1456466,0.13539048,0.1244432,0.12232403,0.119283386,0.122352034,0.11896047,0.12254644,0.1291473,0.13342154,0.13529555,0.14219439,0.14583026,0.14867985,0.15316156,0.15047754,0.16053319,0.16388522,0.16516092,0.17015566,0.17301895,0.17122437,0.18016407,0.18622829,0.18097588,0.18143794,0.18261172,0.18340145,0.1788808,0.18102676,0.17337522,0.17095576,0.17293662,0.17548224,0.17663275,0.16900395,0.16693482,0.16630894,0.16867267,0.16969152,0.16928197,0.16315511,0.16827999,0.20107721,0.13783452,0.36578494,0.26705825,0.21329963,0.12189736,0.1370584,0.15136012,0.08694054,0.078592315,0.06992694,0.0750932,0.08600319,0.09602232,0.099893056,0.09984512,0.09633536,0.10183189,0.10501535,0.10220543,0.111254096,0.10415107,0.1073311,0.10103086,0.10849459,0.104376875,0.09946227,0.10271221,0.10306466,0.103132196,0.10619984,0.105172835,0.105800144,0.104068406,0.109625176,0.10771752,0.1149269,0.11283205,0.11898308,0.12146131,0.11438741,0.11007158,0.1050057,0.104722485,0.09821006,0.09128357,0.09245776,0.085986294,0.08665286,0.08496697,0.08463709,0.084693305,0.08191523,0.081538305,0.08061321,0.08111106,0.08005741,0.07869078,0.07558877,0.07833893,0.06486094,0.061572008,0.060071312,0.0524152,0.057595685,0.07054562,0.16229722
Synthetic_31,0.60129875,0.398684,1.7302345e-05,synthetic,0.022199268,0.02526925,0.028866785,0.03127897,0.033945978,0.03686936,0.043659452,0.046274483,0.03976236,0.047773354,0.042190343,0.052148446,0.055532742,0.06396219,0.068666585,0.06844653,0.07160087,0.07442394,0.072767176,0.07089676,0.074116156,0.07376915,0.07644107,0.07306579,0.0770181,0.07129131,0.07244616,0.07244478,0.07239287,0.08144506,0.106919065,0.15416554,0.18308412,0.22449745,0.25389847,0.26956043,0.28062978,0.27988845,0.28938228,0.28998658,0.2928481,0.3093498,0.31036076,0.30672973,0.32472828,0.32372278,0.31294054,0.3281343,0.32420802,0.32853708,0.33648548,0.32292473,0.32990906,0.33597714,0.31319782,0.30280215,0.3131148,0.306716,0.2929191,0.3148749,0.31738347,0.30640972,0.33897227,0.3304159,0.3400421,0.33809495,0.33927545,0.34225404,0.34017113,0.3457853,0.34633192,0.3382627,0.32867557,0.31700096,0.29033104,0.28331327,0.27914563,0.26764306,0.2611384,0.2495928,0.26254126,0.25696114,0.26489604,0.27748615,0.28608072,0.2847669,0.28686637,0.28333253,0.2835445,0.2897835,0.28174713,0.26837704,0.25051102,0.24456885,0.22659777,0.20509218,0.18282,0.1628467,0.15411258,0.12183189,0.10875287,0.0815371,0.076725945,0.07342486,0.07646445,0.078031,0.07302072,0.07343907,0.08583729,0.08033226,0.09038412,0.09592967,0.09930523,0.10445047,0.10675435,0.114516445,0.11734498,0.11451252,0.119319834,0.12767018,0.13291353,0.12769932,0.13772298,0.13684407,0.13931419,0.13906063,0.13575394,0.14179757,0.13373053,0.13342698,0.13400666,0.12797067,0.12598974,0.1208359,0.12763421,0.11762906,0.12269085,0.11448551,0.11463277,0.11220593,0.0980056,0.09670538,0.09958568,0.105104156,0.111676574,0.08719887,0.07725041,0.08000598,0.05499576,0.05697078,0.06381809,0.03323321,0.029694531,0.028137995,0.04104122,0.04282636,0.047197707,0.050829783,0.044855997,0.047822945,0.05147042,0.051106736,0.05810826,0.057301227,0.05434625,0.06058928,0.0520285,0.057002332,0.05720144,0.05172347,0.056627125,0.05685705,0.05573051,0.056423865,0.056542564,0.06018765,0.05730711,0.05846937,0.062420037,0.06362244,0.063753605,0.06249407,0.06780073,0.06479822,0.060015593,0.063921355,0.055758785,0.05243327,0.050166093,0.0484272,0.050372116,0.043860253,0.044835005,0.045096472,0.038947336,0.042229746,0.042056702,0.040907472,0.03954414,0.036837805,0.036789864,0.034692578,0.029700473,0.028551597,0.027932407,0.0256896,0.025463497,0.02341616,0.06499066,0.124962814
Synthetic_32,0.5050922,0.49483383,7.398314e-05,synthetic,0.03167162,0.034344945,0.037636604,0.041862763,0.043511428,0.047358114,0.0524028,0.05180986,0.049454343,0.05426643,0.055442393,0.059767045,0.06975516,0.082514115,0.08473518,0.09211759,0.08887427,0.090732716,0.081515364,0.083743624,0.08418952,0.07866353,0.08028438,0.07500298,0.076069534,0.07321387,0.07053818,0.066751,0.06743616,0.0803312,0.112440474,0.1526393,0.18684861,0.22046593,0.2427193,0.24220838,0.25141364,0.25430784,0.25968587,0.25657743,0.26447242,0.27361798,0.26970023,0.26964378,0.27286857,0.27744186,0.28487274,0.2845322,0.28075486,0.28919223,0.29477847,0.28474087,0.2959783,0.29532555,0.2913608,0.2950654,0.30216253,0.30439532,0.29717404,0.3017074,0.29920325,0.30053926,0.31613743,0.31404805,0.32182616,0.32644767,0.32199848,0.32025412,0.323592,0.33587435,0.32880837,0.3325683,0.32992846,0.32615325,0.31304246,0.30764747,0.30217206,0.29582953,0.29778314,0.3011049,0.29863778,0.29602557,0.29867473,0.30629042,0.31724498,0.31455,0.31964403,0.32384926,0.33228123,0.3277365,0.3285509,0.31830922,0.3107581,0.301221,0.28291863,0.2682789,0.24896838,0.2336091,0.21225071,0.17248572,0.14658244,0.118023075,0.11683962,0.1151537,0.11061213,0.11695062,0.11494732,0.11414849,0.12729584,0.12738371,0.13179626,0.14096911,0.14361677,0.1491955,0.15813209,0.17168206,0.17548877,0.18350147,0.1881258,0.19859315,0.20034713,0.20393513,0.2149683,0.20918351,0.2145126,0.21833023,0.21736869,0.22604617,0.21860845,0.21215296,0.206195,0.19614194,0.19643702,0.1925969,0.19435742,0.19423914,0.18950516,0.18165976,0.18490867,0.18729329,0.1856157,0.1845087,0.18926609,0.2420669,0.106751665,0.24564765,0.23185511,0.27479514,0.13369465,0.11734102,0.17721172,0.09027385,0.06037384,0.06057094,0.06772758,0.07545306,0.07718146,0.08025993,0.079204045,0.08154131,0.08511226,0.08624354,0.0990779,0.10040105,0.09582096,0.10297667,0.097694114,0.09858992,0.1043553,0.10617476,0.10655524,0.109023154,0.105327986,0.112932146,0.11307026,0.11623047,0.111964025,0.11505914,0.11603091,0.1233068,0.124356546,0.1248513,0.124877095,0.121924326,0.115058266,0.114194535,0.11051643,0.10086651,0.096230015,0.09338367,0.090905204,0.08501625,0.08620313,0.087137446,0.07735304,0.07984445,0.07961395,0.08045593,0.08248239,0.07893405,0.07078278,0.06791322,0.06711179,0.06970598,0.067114644,0.05094148,0.07684329,0.057379372,0.08364127,0.1639889
Synthetic_33,0.54861903,0.45138094,2.373647e-08,synthetic,0.01908938,0.020110622,0.021505365,0.023871457,0.027519805,0.028807458,0.033995382,0.035002034,0.036280137,0.03417642,0.038882893,0.042604107,0.050060354,0.05674656,0.06645997,0.070624515,0.06372354,0.06516321,0.06551658,0.06227088,0.058993056,0.05813003,0.05779103,0.06347044,0.053416625,0.05073528,0.047225438,0.0430822,0.045181382,0.056046218,0.09371922,0.14156862,0.20132923,0.25558263,0.29683176,0.3366218,0.35178715,0.3416478,0.3581228,0.37536824,0.38025475,0.3680267,0.387799,0.3689082,0.37481967,0.3786006,0.37834767,0.39127818,0.40040982,0.40702865,0.39944276,0.38810602,0.4023902,0.38951954,0.38827592,0.3752291,0.3663179,0.3693734,0.352191,0.37564608,0.366983,0.3923226,0.38629368,0.40092742,0.39970788,0.40883088,0.40907878,0.42838702,0.43096793,0.41583666,0.424676,0.4222329,0.41133916,0.39997333,0.38184616,0.35314342,0.32148138,0.32833642,0.30753276,0.30789307,0.31864092,0.3243817,0.33141255,0.3655273,0.33819792,0.35637093,0.3482992,0.37160116,0.36035082,0.35498965,0.3350826,0.3190718,0.31484818,0.3069023,0.275411,0.2565132,0.25144297,0.20720193,0.19867772,0.1392494,0.116475314,0.096416295,0.09504762,0.08034909,0.073081695,0.0748455,0.06698555,0.07633936,0.077585824,0.08119029,0.08496067,0.09473845,0.09443435,0.10853797,0.10518816,0.11204806,0.112602584,0.12843408,0.1315479,0.1303881,0.13493247,0.14169088,0.13775551,0.14572892,0.14943078,0.15008083,0.156044,0.15347171,0.16313924,0.15158647,0.14870217,0.15253353,0.1408754,0.13591905,0.13670938,0.13596097,0.13283853,0.13425149,0.1322734,0.13812031,0.12929,0.13621202,0.13541733,0.15861149,0.19758128,0.2152535,0.17948364,0.17736374,0.07939663,0.07459935,0.08492396,0.06284354,0.03885699,0.05196461,0.043552496,0.0483491,0.046967812,0.052187417,0.054490197,0.052549016,0.054788023,0.06180382,0.061665125,0.0625436,0.06290544,0.06223113,0.066375166,0.06106965,0.06451346,0.0665004,0.06977728,0.06867929,0.06522262,0.06972699,0.066945195,0.072860576,0.07311704,0.07697353,0.07413435,0.0790827,0.07950265,0.08083551,0.07755401,0.08293284,0.07631242,0.070293054,0.07389516,0.065391175,0.0643206,0.06739356,0.05678811,0.05537033,0.059162606,0.057278764,0.051891465,0.05425357,0.053181123,0.054098673,0.046492282,0.050796013,0.051270537,0.052807834,0.049428694,0.045610473,0.055282965,0.07193903,0.058644246,0.05557999,0.17412184,0.14891459
Synthetic_34,7.5508244e-05,0.6230064,0.37691808,synthetic,0.048383556,0.05645595,0.05099292,0.053762518,0.06117174,0.0568231,0.07215511,0.06535185,0.07909891,0.07210531,0.076211594,0.0763066,0.0770262,0.08269454,0.09207108,0.09561159,0.09305398,0.10513831,0.1181975,0.103435636,0.10514199,0.11092714,0.12640795,0.115693145,0.13182579,0.1197486,0.13182531,0.13840406,0.16490456,0.15108639,0.15258005,0.15956551,0.16101737,0.17972834,0.17101981,0.17928939,0.18645352,0.18793172,0.20116423,0.19126058,0.20225587,0.20280328,0.20196822,0.20877114,0.2221316,0.23014499,0.22506784,0.20522772,0.22817789,0.23314708,0.2330572,0.24649279,0.23332664,0.24860343,0.25616783,0.2610908,0.26478288,0.2665024,0.2697177,0.26757208,0.24972282,0.2601635,0.26920477,0.27807283,0.27431083,0.28136474,0.28068492,0.27494332,0.2943882,0.2801789,0.28580737,0.29635367,0.30576402,0.30909547,0.30230296,0.30910748,0.31580794,0.31287432,0.31918767,0.32831925,0.3121684,0.3189628,0.33207306,0.32417557,0.319387,0.3098055,0.32931808,0.3314531,0.3499091,0.33047602,0.34478933,0.3177126,0.3447442,0.3598026,0.34270766,0.3683279,0.34631047,0.2843793,0.31742346,0.34127742,0.31323403,0.27985346,0.30064058,0.29788998,0.2640095,0.2811918,0.28091902,0.26678017,0.26125318,0.2762618,0.27277383,0.27100837,0.2799815,0.27653727,0.28719485,0.29963195,0.2894365,0.3107898,0.29418203,0.300306,0.32789996,0.32438615,0.32566437,0.31448752,0.33904713,0.3290372,0.32864884,0.33949134,0.33656085,0.34336755,0.32329232,0.3468728,0.32111242,0.3264138,0.3135146,0.33338812,0.32852644,0.321132,0.33996448,0.3234641,0.32123423,0.319271,0.3758415,0.44455785,0.46136218,0.3658803,0.43975657,0.5068414,0.62840503,0.7927488,0.5231932,0.54651165,0.31846592,0.21153815,0.21532528,0.21015573,0.21765795,0.2245867,0.2095814,0.21612036,0.23003745,0.22383069,0.21695727,0.24758697,0.23487969,0.25016373,0.22324437,0.23279765,0.24013741,0.22341701,0.229647,0.23476192,0.23596041,0.24007894,0.2507675,0.24981357,0.2330303,0.24045165,0.25998616,0.24441445,0.25507095,0.25625163,0.26217777,0.26047117,0.25830278,0.23381211,0.2541944,0.23191616,0.21794806,0.22694178,0.2230896,0.2356673,0.21193793,0.21221574,0.20611876,0.21566115,0.19763131,0.21366993,0.19073476,0.21009472,0.20722744,0.20511653,0.2219792,0.17937523,0.16344005,0.19441505,0.20480688,0.123848595,0.07162899,0.049635362
Synthetic_35,9.172311e-06,0.20029965,0.79969114,synthetic,0.05067442,0.062816165,0.074893646,0.072811,0.07499158,0.074123666,0.10239164,0.09260018,0.08875757,0.100115865,0.11616815,0.10759053,0.113661006,0.121855,0.12224792,0.11992046,0.122055374,0.13256198,0.13749164,0.12653072,0.13556966,0.1432784,0.1523418,0.14837523,0.16699907,0.15744536,0.15109779,0.166414,0.16521357,0.18004622,0.16549695,0.17109072,0.18307823,0.1992093,0.20415035,0.21100402,0.21389784,0.21958683,0.21996267,0.2269795,0.22191025,0.23489259,0.25095618,0.22923562,0.24424674,0.24646597,0.254269,0.26005968,0.25688794,0.24832891,0.26059723,0.26471505,0.29703206,0.2851061,0.27827275,0.29148713,0.2949619,0.29250222,0.28013343,0.297209,0.2968774,0.31186906,0.3206697,0.31082386,0.30145895,0.30224273,0.30403465,0.31383583,0.32259542,0.31519613,0.31398124,0.33097646,0.3332677,0.36304495,0.31369296,0.34282032,0.33887908,0.34647444,0.32911572,0.3300114,0.34100136,0.3246527,0.35285708,0.33586198,0.3396908,0.33273253,0.32642448,0.32867697,0.35017788,0.33747593,0.34690213,0.33471102,0.38105935,0.36150223,0.34826735,0.3650286,0.35508412,0.3828931,0.3922822,0.39205846,0.41384995,0.37119225,0.41299388,0.3539765,0.3491946,0.34202138,0.35578364,0.32978514,0.31319517,0.34137818,0.32312506,0.321026,0.33585927,0.34953767,0.32601726,0.3416106,0.35081854,0.3344806,0.34998658,0.35442618,0.3546429,0.33886844,0.3552037,0.35162842,0.34347758,0.3561605,0.34424365,0.37001124,0.36297372,0.37153745,0.3513407,0.40272072,0.35851017,0.35680345,0.35832244,0.3631843,0.37191966,0.37665337,0.37046227,0.38895738,0.4031189,0.33936453,0.43721455,0.38768032,0.6718441,0.5818894,0.35981616,0.23363365,0.19428883,0.4069825,0.6047332,0.22128215,0.33836734,0.35442615,0.24420467,0.34219483,0.33921778,0.35110563,0.3374843,0.3460237,0.33854064,0.34668753,0.32631412,0.32466054,0.3448687,0.32293132,0.325025,0.30848774,0.33476797,0.30946892,0.31260383,0.318005,0.30437827,0.31674594,0.32006872,0.30736837,0.30829015,0.33306673,0.30402794,0.32466528,0.31547,0.29566532,0.33418465,0.3221524,0.3222091,0.30983648,0.3140849,0.30946863,0.30337128,0.31915653,0.2986137,0.30201268,0.29260427,0.31366497,0.28314134,0.30617768,0.29208735,0.32813653,0.29734862,0.3224698,0.32838893,0.2766559,0.30213177,0.3111019,0.30467188,0.31720737,0.30943927,0.20804836,0.28761265,0.2856352
Synthetic_36,0.35057306,0.64942676,1.1779605e-07,synthetic,0.017794637,0.017963199,0.025238559,0.02220459,0.027866717,0.02909183,0.040585842,0.03991998,0.0380468,0.035948675,0.036925714,0.047801483,0.051811043,0.055641484,0.06524296,0.07156456,0.07300195,0.06314951,0.063123785,0.07108499,0.066347964,0.06534821,0.059303176,0.0667829,0.06743961,0.06527755,0.06286063,0.05964233,0.061249472,0.07968121,0.10656178,0.13047746,0.16976425,0.18884008,0.19335227,0.21563718,0.2105546,0.2457372,0.21294494,0.22961587,0.254177,0.24135001,0.26201555,0.24891172,0.26380876,0.26167458,0.2661137,0.27341112,0.27271956,0.28230855,0.29397005,0.2909601,0.27249554,0.26560047,0.2920701,0.28931427,0.27052227,0.29390028,0.2735697,0.28153333,0.29919213,0.27834845,0.30477878,0.31366882,0.3311209,0.31665722,0.3334587,0.3316822,0.33478042,0.350111,0.31890547,0.34669203,0.33843562,0.3298005,0.31152537,0.30341962,0.28804046,0.27499178,0.2708096,0.29358783,0.2653104,0.2646287,0.28817838,0.26672485,0.2848999,0.3084705,0.30322307,0.32648253,0.30183038,0.31343743,0.31384304,0.30490774,0.29008058,0.27027798,0.24937026,0.2525931,0.28554517,0.32274133,0.33879572,0.43144196,0.6914849,0.06887817,0.04397065,0.08433287,0.089354314,0.09439839,0.093219616,0.09461612,0.11723375,0.108364366,0.12602909,0.13265584,0.122214876,0.14715761,0.15012388,0.15700896,0.1579997,0.15894659,0.18244113,0.16714571,0.18189727,0.18689972,0.19231367,0.18615182,0.21100163,0.20930377,0.21302599,0.20763093,0.20826605,0.20294864,0.18327004,0.20005976,0.17681928,0.18757457,0.19267482,0.183405,0.17125738,0.16576135,0.15909167,0.15070198,0.1637397,0.21606594,0.20498484,0.22287951,0.25623968,0.27283207,0.2108341,0.22505929,0.15043785,0.12060702,0.11499889,0.10521465,0.09333164,0.08111509,0.091657445,0.09486887,0.088967614,0.09306477,0.08609595,0.094561756,0.101456985,0.10501276,0.09781811,0.11426133,0.10814553,0.09186228,0.09962225,0.102755256,0.10017308,0.103837356,0.11169506,0.10781592,0.10155421,0.10070968,0.11470371,0.112574466,0.10877703,0.11595898,0.13449894,0.12963267,0.10127965,0.115406744,0.13047609,0.11529827,0.12215398,0.10764403,0.09728172,0.09030221,0.09645878,0.08575516,0.083717056,0.07506236,0.081123695,0.09012924,0.085676946,0.085861556,0.07686068,0.08092327,0.07975228,0.09809702,0.0915827,0.08350655,0.07145986,0.104722954,0.088168904,0.075669,0.0689704,0.0768485,0.12799533,0.13629287
Synthetic_37,0.0028557247,0.50088376,0.4962605,synthetic,0.060503688,0.061669603,0.07103746,0.061991803,0.074832775,0.07021062,0.074528985,0.072785914,0.0843476,0.09512781,0.09568346,0.09951056,0.1005057,0.10363044,0.11358768,0.11307179,0.11736528,0.124238536,0.12896994,0.1346136,0.1348648,0.14688915,0.15960516,0.14229998,0.15986149,0.15954533,0.15956406,0.1762118,0.19063424,0.19133979,0.19858554,0.19040294,0.2024255,0.21209782,0.20335265,0.21461846,0.22947125,0.2273579,0.24370073,0.22955379,0.24331447,0.24903259,0.24350724,0.25009173,0.25489944,0.26791337,0.2614466,0.25240853,0.26528057,0.27485996,0.2731479,0.27440187,0.2684796,0.28097826,0.2769514,0.29370075,0.27976537,0.29780564,0.29847157,0.28839675,0.2840446,0.29364452,0.29658735,0.3184532,0.30851796,0.303154,0.31005877,0.31094918,0.3204078,0.31641564,0.3188726,0.31597534,0.31378868,0.32423124,0.31757265,0.32348776,0.3223926,0.32604933,0.3326736,0.33496475,0.33400795,0.33857125,0.34571433,0.3540444,0.35059986,0.3544357,0.34364393,0.35574532,0.3590087,0.3555931,0.36066353,0.35528743,0.35357523,0.3675266,0.36171925,0.36558875,0.34694642,0.33800036,0.32792783,0.32422882,0.31883857,0.32039124,0.31721148,0.32090613,0.31578422,0.31807342,0.3056339,0.3066379,0.3175283,0.32573324,0.32240593,0.33660412,0.33795515,0.33879152,0.34026635,0.35732475,0.34185037,0.35780895,0.3535873,0.35135865,0.3768285,0.3583624,0.38425282,0.37512252,0.37967706,0.37055433,0.3781807,0.3797875,0.371193,0.37435177,0.3600605,0.38089797,0.37296224,0.3732543,0.3786277,0.36937046,0.37745234,0.3661137,0.37406185,0.36381966,0.34963536,0.38153106,0.368312,0.5724868,0.41941735,0.11756789,0.2331926,0.56913483,0.59624827,0.3502229,0.37315574,0.41958177,0.31090438,0.2128329,0.280441,0.28654352,0.29602197,0.2911439,0.28804436,0.30551654,0.29643777,0.30900478,0.30449897,0.31657192,0.29619196,0.32857952,0.289079,0.2926851,0.31487408,0.304364,0.28657976,0.29506534,0.3031678,0.30602682,0.30690286,0.31620738,0.30051807,0.30056942,0.30851758,0.295173,0.30697098,0.31539643,0.30347335,0.30884546,0.3061977,0.30278158,0.2928596,0.2915463,0.27476618,0.27629393,0.28807423,0.29061365,0.25996074,0.26991323,0.26371515,0.27306965,0.26556066,0.26163515,0.26615623,0.27266604,0.27321443,0.24523212,0.23860168,0.22273244,0.22144394,0.21597813,0.17332467,0.115076736,0.06485679,0.011307958
Synthetic_38,0.11629966,0.23685092,0.64684945,synthetic,0.034574483,0.042279482,0.04413748,0.043435432,0.05291027,0.05585595,0.056809444,0.06318913,0.067035496,0.07065762,0.06700638,0.07865242,0.088887006,0.0931191,0.10397954,0.11351137,0.1250798,0.12447905,0.13543202,0.13776968,0.12095732,0.13844746,0.14831987,0.15498838,0.1466301,0.14659661,0.16158691,0.16710874,0.15962328,0.18199424,0.17521831,0.18778092,0.22255436,0.23175535,0.23130493,0.23857999,0.24510166,0.25664535,0.25434276,0.25185937,0.26285544,0.27011082,0.25983512,0.25922757,0.25851467,0.25108194,0.26868677,0.2517507,0.25861177,0.27241203,0.26314583,0.25984457,0.2725223,0.26268873,0.25755227,0.26749453,0.26634327,0.2659119,0.2643703,0.26361263,0.26158476,0.26174515,0.28313044,0.28034726,0.28751677,0.27890724,0.30459684,0.28675646,0.26807314,0.28833503,0.2880001,0.3019456,0.28049806,0.282359,0.2796045,0.2921197,0.28510615,0.30677772,0.30064285,0.2735979,0.29146117,0.2946395,0.30534458,0.30426958,0.31775087,0.30273768,0.29675514,0.3166577,0.32273751,0.29668507,0.29896522,0.2736439,0.28499192,0.30807027,0.2980214,0.28076112,0.27493507,0.27145436,0.25482455,0.27118918,0.28834248,0.24654917,0.20637019,0.18012008,0.19757089,0.17531398,0.18079558,0.17185035,0.18617359,0.18830691,0.1936719,0.21542577,0.21596226,0.21743318,0.2152553,0.22228879,0.24103187,0.25544053,0.24609903,0.24552405,0.25163537,0.2561708,0.29944685,0.25968763,0.27528062,0.26530498,0.2710694,0.26319978,0.26484048,0.2756019,0.280049,0.26673868,0.25562927,0.27070078,0.26256058,0.25515342,0.26038116,0.25433308,0.24468273,0.25481847,0.2270299,0.2551463,0.16998547,0.14960504,0.042915825,0.0038623395,0.024820251,0.044036686,0.08321282,0.0016945509,0.00030738564,0.054588336,0.1436797,0.07808663,0.071085885,0.09677025,0.09076472,0.09946724,0.10240887,0.10217234,0.12497241,0.12163041,0.13773027,0.14221878,0.12965906,0.14839081,0.14415279,0.15771647,0.1555058,0.14482644,0.16805877,0.17422746,0.1679657,0.1570031,0.17789795,0.15968898,0.1942815,0.17761026,0.19553381,0.20203142,0.19218573,0.19712286,0.19075367,0.19417381,0.18595748,0.19340782,0.19798876,0.17526993,0.1707808,0.17135102,0.18066381,0.17991543,0.14622256,0.16158983,0.14564362,0.15244128,0.15274619,0.15013541,0.1456444,0.14504501,0.13695534,0.14451861,0.14006098,0.14018564,0.19014294,0.17983572,0.17330179,0.178214,0.16187878,0.0021399406
Synthetic_39,0.30352363,0.6964764,2.8802027e-08,synthetic,0.027832126,0.027776597,0.03604631,0.031662714,0.034988742,0.037771057,0.050438832,0.047269035,0.047108658,0.046025936,0.0480721,0.05391489,0.05864947,0.06199187,0.07058613,0.07510744,0.07402397,0.06888398,0.07071806,0.07499326,0.073769316,0.07335574,0.06739831,0.07422516,0.077754185,0.074778914,0.07455714,0.07503645,0.07886553,0.0933995,0.11544405,0.13772143,0.16847375,0.19268928,0.20982723,0.21963437,0.2235319,0.25126088,0.2279628,0.24136107,0.25614998,0.25044388,0.26382837,0.26365104,0.26952106,0.26680833,0.27282602,0.27730262,0.27678928,0.28675973,0.29414308,0.2902595,0.28371736,0.2757145,0.300291,0.30024496,0.28883532,0.29713774,0.28992674,0.29069608,0.3067615,0.29449335,0.31445158,0.320276,0.3335524,0.32397887,0.3400607,0.33952838,0.34687644,0.36217192,0.33028495,0.35610038,0.36095378,0.3547825,0.34094128,0.33047163,0.32855126,0.31022793,0.30659994,0.3369689,0.3097066,0.3068,0.3302095,0.30260012,0.3268375,0.34752205,0.352602,0.36514503,0.3563836,0.35865626,0.36828154,0.3630068,0.35155216,0.33553421,0.324035,0.33548188,0.2969617,0.30957273,0.31997716,0.36034325,0.55625623,0.13481237,0.07756512,0.11625666,0.13172746,0.13813744,0.13548739,0.13894792,0.15843467,0.15012932,0.16841988,0.18432514,0.1720586,0.19231418,0.20146002,0.21420951,0.21438827,0.22475506,0.2410974,0.22771639,0.25428045,0.2531783,0.26451397,0.25686693,0.28205845,0.28464666,0.28428066,0.27571452,0.28313497,0.2834251,0.26370016,0.2710373,0.25718945,0.27011797,0.26803035,0.26271686,0.24204811,0.24197748,0.24082671,0.23742673,0.25511315,0.2908905,0.27904847,0.28156134,0.36690694,0.36424148,0.29394412,0.25776544,0.21592067,0.17173587,0.15044862,0.13502163,0.109561294,0.11282631,0.12094341,0.122392505,0.120858215,0.1276373,0.11744708,0.13137227,0.13730869,0.14024757,0.13829719,0.15522525,0.14631644,0.13228066,0.13850841,0.14163637,0.13245602,0.14102294,0.14745706,0.14319254,0.1415276,0.14501353,0.15517019,0.15838568,0.15007372,0.16533862,0.17409453,0.17019704,0.1523446,0.16144854,0.1786687,0.16246468,0.16980793,0.15372255,0.14295433,0.13388798,0.1423802,0.12709537,0.12641118,0.11341848,0.1193096,0.12519726,0.122764945,0.12440947,0.11487368,0.11359997,0.11657349,0.12758835,0.116184935,0.107848056,0.10383971,0.12780692,0.10525887,0.10491953,0.10187023,0.093886115,0.12946002,0.17592296
Synthetic_40,0.64329815,0.35669708,4.788559e-06,synthetic,0.023349455,0.024649438,0.02661662,0.02738562,0.029600529,0.030656962,0.03460735,0.032518636,0.03289101,0.034312963,0.03385523,0.035905167,0.041542623,0.045337223,0.049946517,0.05059843,0.052427884,0.051850844,0.053836074,0.05015404,0.04861195,0.048600033,0.048927017,0.049612064,0.05171915,0.049737684,0.04852382,0.04790463,0.04839021,0.053685855,0.06963986,0.10085363,0.11724626,0.1437801,0.16440009,0.17726949,0.1789212,0.1849204,0.18999344,0.1887541,0.19300115,0.19428754,0.20046395,0.18803418,0.19968447,0.19754033,0.19886604,0.20297524,0.20770252,0.20607577,0.20846829,0.2093773,0.20833132,0.20933253,0.20078874,0.19812441,0.19725113,0.19643404,0.19864248,0.20421825,0.20441417,0.20728695,0.21737209,0.21166828,0.21960428,0.22779994,0.22543341,0.22902983,0.22953485,0.23293197,0.23558275,0.23510109,0.22659837,0.22329098,0.21464056,0.20730364,0.20611116,0.2040763,0.19867045,0.19193844,0.20626117,0.20462942,0.20986605,0.22459374,0.2210451,0.22347191,0.22397818,0.2236226,0.22529072,0.22901453,0.22512573,0.21736078,0.21484944,0.21521142,0.20438138,0.19576694,0.16426341,0.17176706,0.16470212,0.14558758,0.11833683,0.10682144,0.11594061,0.098475926,0.09755767,0.099876165,0.09832727,0.10066146,0.107158296,0.11061762,0.117936805,0.12167885,0.12415122,0.13089184,0.1294807,0.13257836,0.13723192,0.14014116,0.14213921,0.14809345,0.14916143,0.15556602,0.15502578,0.16165444,0.15960401,0.15873367,0.16017413,0.16192082,0.16295926,0.16037428,0.15826392,0.15637682,0.15279843,0.1485955,0.15571873,0.14790808,0.14663067,0.14554931,0.14486605,0.14552316,0.13767868,0.14303496,0.1468859,0.1284276,0.12368261,0.14744927,0.10408741,0.10860577,0.082214125,0.08505222,0.06029632,0.054781903,0.052504815,0.068235494,0.0699666,0.082522586,0.08787717,0.090118036,0.08835193,0.089296475,0.09331463,0.09827976,0.097237386,0.09936404,0.09332059,0.0923171,0.088874765,0.096042685,0.09362236,0.09061553,0.09310273,0.09402586,0.088879585,0.09440361,0.09745811,0.0926875,0.093637705,0.0955116,0.09992522,0.10163034,0.10161697,0.10678503,0.106270716,0.10235885,0.09850353,0.094684854,0.09328013,0.08550399,0.08239492,0.08243437,0.081981674,0.073391214,0.07931615,0.07545978,0.0739446,0.07508835,0.07397587,0.074248426,0.07088131,0.07170149,0.072687246,0.06875438,0.06098135,0.057284147,0.057021383,0.052302465,0.050652348,0.051739898,0.080131084,0.11700864
Synthetic_41,0.0024714863,0.929834,0.067694485,synthetic,0.06424141,0.05682921,0.070960194,0.07178509,0.07544313,0.083392136,0.09765929,0.09193827,0.09917916,0.10454402,0.1044232,0.118152656,0.11326954,0.11265307,0.11979948,0.12689199,0.13121793,0.12880632,0.13235238,0.13471189,0.14133877,0.13837016,0.1535551,0.15415186,0.1649175,0.16390426,0.1620636,0.17403944,0.18353967,0.1924181,0.19724429,0.19758724,0.19830988,0.21510889,0.22803086,0.23085974,0.2373498,0.2501987,0.23918791,0.25881535,0.2639138,0.2616457,0.28544345,0.27420032,0.28737164,0.29182795,0.29945385,0.3006542,0.31082103,0.29415098,0.31234103,0.31825632,0.31555596,0.31672308,0.32593307,0.33294266,0.34955505,0.33638632,0.34125206,0.357724,0.34306747,0.35060266,0.36633518,0.35587198,0.35873607,0.36826694,0.3581267,0.3672609,0.38749564,0.37448874,0.37791094,0.39724955,0.394388,0.3893719,0.3841728,0.38901785,0.38860077,0.39103267,0.39059046,0.39085773,0.39403382,0.39964703,0.40197796,0.41824576,0.4181922,0.41590083,0.41205293,0.40729263,0.42028064,0.42127693,0.42589754,0.4266242,0.44175446,0.42824462,0.42952734,0.42317307,0.4751907,0.41320276,0.4703914,0.49013856,0.47058687,0.4189189,0.43821386,0.3913622,0.3984276,0.3971688,0.4042894,0.38195437,0.4036779,0.39757797,0.3976348,0.40941092,0.4176323,0.41443422,0.41079774,0.4117512,0.4256773,0.41002837,0.42486262,0.44372505,0.4344615,0.42115417,0.4325409,0.43066928,0.44488588,0.43472022,0.44766796,0.4514981,0.43963885,0.4415264,0.43827674,0.44210005,0.41915962,0.4356527,0.45568457,0.44249988,0.44220382,0.4397856,0.4519676,0.45485693,0.45203662,0.45391494,0.5024989,0.5307516,0.7537731,0.36665115,0.2304493,0.030312246,0.40511224,0.4550039,0.47210982,0.31108993,0.42201793,0.3750573,0.35854593,0.36834183,0.39054108,0.3842192,0.38995278,0.41588384,0.39496273,0.39140758,0.405176,0.3850934,0.39616457,0.3537452,0.3583477,0.35502866,0.3705711,0.3393101,0.362819,0.35600746,0.35770383,0.35850757,0.34789354,0.36533308,0.34310052,0.38107374,0.36019602,0.36877215,0.37251332,0.3773357,0.3901044,0.35224053,0.35826188,0.35288063,0.343345,0.34845686,0.32474083,0.3302508,0.33487836,0.3210314,0.33311066,0.31939387,0.31196314,0.32405916,0.32743043,0.32843003,0.31917894,0.33155,0.32514006,0.3446754,0.33994567,0.30826348,0.30545467,0.29788277,0.27219552,0.1964554,0.18866274,0.10576739
Synthetic_42,0.51760346,0.48239598,5.6834216e-07,synthetic,0.024702353,0.02863734,0.035107173,0.038789097,0.041672323,0.045843095,0.06072815,0.059249282,0.068027735,0.06824973,0.075576395,0.075329125,0.09365892,0.09952276,0.10766752,0.12267556,0.11330581,0.112655304,0.12580076,0.11584743,0.12031353,0.1152822,0.11499164,0.12593845,0.12497211,0.11803968,0.11197579,0.111636624,0.12651804,0.13126764,0.16958874,0.20214795,0.23709026,0.25342932,0.26994348,0.27505615,0.28598693,0.3075036,0.29547828,0.2925073,0.3103165,0.3118769,0.3322084,0.32415944,0.32209566,0.33489624,0.35318217,0.34217605,0.3459738,0.35364184,0.36009043,0.36127022,0.37924293,0.35543233,0.36309955,0.37948608,0.38136736,0.37095872,0.37137857,0.38355216,0.3792418,0.38065055,0.39337838,0.40252754,0.40117684,0.42333338,0.42425692,0.4269135,0.44051605,0.43977723,0.42170334,0.44372723,0.45114532,0.43276936,0.43321863,0.41939944,0.427553,0.41225994,0.41184074,0.40476343,0.4077626,0.41078454,0.43350214,0.4190216,0.44835082,0.44867796,0.46315557,0.47757083,0.46990186,0.45484203,0.47291255,0.47503442,0.4610402,0.45989105,0.43829113,0.45610413,0.35238287,0.338471,0.30890733,0.27639568,0.24668662,0.21755858,0.3039961,0.2532244,0.24319078,0.22950445,0.2320118,0.23414469,0.24424271,0.24232256,0.2508914,0.27719656,0.27992898,0.29593855,0.29120922,0.30752224,0.3118456,0.32391176,0.33821908,0.3360765,0.3491277,0.36877015,0.3584891,0.35718852,0.37236384,0.39062575,0.39401376,0.37944692,0.39234185,0.3725507,0.35300502,0.34134975,0.32290787,0.34215608,0.35006624,0.34681636,0.3436858,0.34677935,0.3451795,0.33664495,0.35035685,0.38134485,0.3858367,0.346794,0.33212236,0.37023342,0.35868433,0.3127187,0.26409584,0.24378152,0.22492006,0.18487875,0.13898961,0.13605016,0.17865495,0.15999709,0.15485242,0.1747114,0.16966721,0.18157537,0.1935704,0.20478942,0.2064074,0.2030599,0.19882382,0.18917304,0.19832434,0.18791899,0.18626666,0.20108584,0.20703061,0.1967346,0.20314486,0.20921835,0.20618543,0.21641576,0.21201655,0.23116714,0.22251251,0.22681923,0.23153281,0.23772867,0.21438296,0.21964867,0.20643742,0.19263302,0.18325193,0.1720891,0.17073418,0.1722322,0.15593055,0.14410754,0.15612647,0.15038027,0.15377396,0.15788005,0.15452299,0.14811854,0.15290987,0.15109652,0.14446947,0.10885722,0.1255741,0.13696408,0.15164295,0.1415311,0.18196654,0.15142015,0.20687975,0.27586454
Synthetic_43,0.000268645,0.7005559,0.29917544,synthetic,0.054933872,0.06497683,0.066848755,0.074058555,0.08175289,0.07193328,0.079941146,0.07962097,0.09312689,0.09082738,0.10955474,0.09573174,0.106879234,0.10620534,0.10040156,0.106586516,0.11944822,0.115674175,0.13430415,0.11305363,0.13024408,0.14162771,0.1422877,0.13043559,0.14925219,0.14105912,0.13659108,0.15106715,0.16288824,0.16559911,0.17961018,0.17104742,0.1775496,0.17458762,0.17617548,0.1898375,0.19291887,0.19994429,0.206665,0.21259174,0.21162623,0.2125452,0.22671334,0.22253275,0.2286397,0.2346959,0.23746802,0.24383524,0.25161412,0.2453455,0.26154348,0.26030272,0.26736996,0.26602253,0.2655292,0.2719433,0.2924641,0.28567082,0.28772673,0.29272354,0.28735316,0.29077122,0.31098214,0.3069168,0.29873484,0.3057999,0.30741674,0.30820113,0.3408097,0.32470396,0.33630422,0.3246035,0.31696808,0.33886787,0.33303308,0.34783807,0.34497604,0.35241222,0.3706221,0.36299223,0.3589758,0.36230892,0.36961338,0.3746973,0.3668713,0.37606382,0.35891786,0.38241452,0.37527245,0.36824152,0.3647618,0.38476306,0.3980899,0.38691196,0.37964347,0.3737173,0.37376383,0.4154666,0.4549938,0.37485105,0.38416338,0.37298068,0.3844385,0.348492,0.34825894,0.33834404,0.3611852,0.34494165,0.33858958,0.36496878,0.36073577,0.3759298,0.37823364,0.3871961,0.3604552,0.388648,0.3690012,0.40020496,0.38491952,0.38999727,0.40564093,0.38319662,0.40810868,0.40165803,0.40577352,0.39997208,0.40604398,0.4100418,0.4133876,0.40977052,0.39429045,0.4337619,0.39682016,0.40883008,0.39689907,0.41217688,0.40950865,0.40134177,0.39921772,0.40758634,0.3978458,0.35674125,0.4138446,0.39301485,0.39125103,0.3844596,0.3569939,0.45422608,0.38443407,0.46919137,0.50900567,0.61013967,0.4714284,0.35080308,0.32792673,0.34089193,0.3623786,0.3888022,0.36236042,0.36014116,0.34740725,0.3823507,0.36288977,0.34654436,0.35158244,0.34156916,0.33121648,0.32247302,0.31434184,0.3101711,0.30718312,0.32156125,0.31404668,0.33570835,0.3165979,0.34900686,0.32249832,0.33353344,0.33041444,0.3182215,0.33629626,0.34387782,0.33520606,0.31784365,0.33384225,0.32408184,0.31340793,0.29590303,0.30719787,0.31044865,0.31489336,0.31814283,0.2984602,0.31264392,0.2914841,0.29751712,0.29059544,0.3250298,0.29990909,0.3045051,0.2879799,0.2956576,0.28283465,0.29101688,0.2893327,0.24647996,0.27025893,0.23324107,0.24027346,0.41770086
Synthetic_44,0.26835942,0.73163354,7.050132e-06,synthetic,0.08644134,0.09555847,0.096417084,0.09582045,0.096221864,0.1017882,0.106245354,0.10350898,0.11392775,0.11806185,0.118446626,0.107448496,0.12445774,0.12140488,0.12153601,0.12000315,0.1251033,0.11495826,0.1427385,0.12341314,0.12530228,0.12621745,0.12985249,0.14032744,0.13659893,0.12998864,0.13407297,0.14114767,0.15589055,0.14422736,0.14789942,0.15265137,0.1669042,0.16322419,0.1666447,0.1665841,0.17012347,0.19281779,0.16649048,0.1744729,0.1917716,0.18362287,0.19655009,0.17791708,0.18876606,0.20806862,0.21171968,0.19759607,0.19552898,0.18185766,0.19453938,0.22249344,0.20840423,0.20343089,0.20329465,0.23022598,0.23659289,0.22242709,0.2370246,0.22968557,0.21522623,0.22728598,0.24633756,0.21760808,0.24083036,0.2581917,0.27119637,0.25242895,0.265789,0.2754442,0.28547236,0.28275114,0.28124812,0.28667518,0.28623867,0.2861816,0.29346967,0.29881525,0.30036056,0.29418084,0.30032727,0.29248664,0.32088098,0.30461887,0.32994708,0.32092106,0.33469012,0.35827997,0.33180407,0.34007794,0.35355753,0.35998982,0.38530236,0.38716608,0.38387272,0.44145885,0.22600216,0.20922545,0.2589096,0.2188816,0.1540957,0.16005284,0.5820253,0.41739,0.36850652,0.36613485,0.37329963,0.33114365,0.352107,0.34713185,0.3707468,0.3686178,0.3761633,0.35559112,0.38467795,0.38633785,0.38830712,0.4032138,0.40575507,0.38273653,0.40630528,0.42536327,0.4302559,0.41562486,0.4276146,0.44317108,0.43344587,0.4412102,0.4352184,0.4457583,0.42690885,0.4267936,0.40562096,0.41808438,0.43294442,0.42810982,0.42526042,0.43363363,0.44970962,0.45950413,0.48411572,0.42780414,0.47622597,0.46515676,0.6525473,0.86964756,0.549241,0.54251677,0.59304667,0.43622115,0.5015263,0.36366495,0.27366143,0.299186,0.27956128,0.30113223,0.31171888,0.31485438,0.31017643,0.33617026,0.35430324,0.33957043,0.33832884,0.33355993,0.31695837,0.31296214,0.3067159,0.301828,0.3057562,0.2806506,0.3085616,0.28698534,0.2946522,0.31470373,0.31019402,0.31582594,0.29419976,0.3137735,0.29982087,0.30067453,0.3247169,0.33230895,0.3305614,0.30883753,0.28675285,0.27948895,0.2795164,0.27341902,0.2512374,0.25932944,0.25890273,0.24220407,0.25331378,0.22284013,0.2436811,0.25334173,0.252703,0.25824755,0.25327316,0.24504632,0.2666262,0.21294644,0.23388767,0.21683292,0.245402,0.23845753,0.23697977,0.19830358,0.27001578,0.22671504
Synthetic_45,0.68567044,0.31432927,3.3584794e-07,synthetic,0.02149829,0.021351404,0.023494406,0.023687232,0.026374668,0.027224494,0.030846795,0.030017326,0.031299315,0.03288324,0.033889983,0.035112895,0.040302224,0.045649,0.049735855,0.05522254,0.054622665,0.051286325,0.05435615,0.0531048,0.052177336,0.050303083,0.049101304,0.05279048,0.05217407,0.050851263,0.04814598,0.045032065,0.051307198,0.052846838,0.079851076,0.11490061,0.14422826,0.17890318,0.19862235,0.21229453,0.22461054,0.2268655,0.22984634,0.23266046,0.24238396,0.24143954,0.24967064,0.23745777,0.24527144,0.24528041,0.25255573,0.2572498,0.25878134,0.26525953,0.26149714,0.2643986,0.26484826,0.26244542,0.26106662,0.2652173,0.256381,0.26228318,0.25343785,0.259983,0.2584239,0.28172803,0.2761024,0.2776166,0.2836534,0.29542503,0.28773278,0.2991285,0.30049086,0.30809578,0.30174145,0.3080707,0.30081242,0.29500055,0.28556737,0.27623114,0.26857707,0.2609646,0.2612199,0.25873116,0.2659471,0.26850852,0.27204126,0.28370556,0.28833073,0.29546827,0.29131943,0.30209544,0.30274922,0.29779083,0.30471015,0.29237044,0.29090652,0.28484672,0.27019766,0.26151094,0.24330653,0.24573553,0.23654184,0.1934464,0.1627009,0.14041409,0.14372496,0.12679677,0.12486731,0.118368566,0.11759316,0.120354496,0.12917715,0.1321948,0.13610825,0.14330478,0.1484163,0.15189384,0.15728122,0.16241881,0.166425,0.17584161,0.1768259,0.17990951,0.17853132,0.19423386,0.18915942,0.19656983,0.19479635,0.19966283,0.20178431,0.19522806,0.19917046,0.19004817,0.18158865,0.18449461,0.17489891,0.17792743,0.18224713,0.17769964,0.17743166,0.18251114,0.17642786,0.17481038,0.17684963,0.19499634,0.19502014,0.17940396,0.13453911,0.16638546,0.1371529,0.11735276,0.115681656,0.11991939,0.07387744,0.085752115,0.07263948,0.08311749,0.0881637,0.095967084,0.09633226,0.09988984,0.103947826,0.10727941,0.107691914,0.11673552,0.11503389,0.11505645,0.106489,0.10740664,0.1080702,0.10666285,0.10470011,0.10721722,0.10644917,0.10716332,0.103088744,0.1068092,0.109450206,0.105402894,0.110755004,0.113039024,0.116056934,0.12273242,0.119753085,0.12621103,0.120914906,0.119706444,0.111889064,0.10578555,0.10190416,0.09468947,0.09609915,0.090020254,0.08170348,0.08613068,0.08678079,0.08283521,0.08223025,0.081681386,0.08148408,0.08304067,0.08112575,0.078338325,0.08581796,0.0709687,0.06799239,0.07045883,0.070959724,0.05698297,0.062126953,0.06091908,0.1055711,0.021294381
Synthetic_46,0.000119194345,0.032650944,0.9672299,synthetic,0.10156754,0.11444295,0.12495668,0.1019102,0.101578146,0.08668381,0.10521767,0.0916093,0.08568653,0.10175261,0.0931136,0.08898962,0.09384783,0.12037298,0.0971712,0.09196755,0.091393664,0.10599755,0.09975678,0.10823127,0.10132565,0.110081345,0.096892945,0.12299833,0.110284805,0.11602132,0.11034463,0.12538147,0.14038576,0.13445714,0.11653346,0.12924416,0.13963555,0.1357546,0.17108333,0.15717709,0.16997671,0.17401628,0.18592556,0.16398928,0.15239227,0.17907605,0.19356325,0.18871133,0.17991252,0.16837387,0.1943219,0.22134104,0.22146964,0.23030108,0.22581066,0.20248541,0.21184258,0.21664652,0.21159942,0.22332129,0.21886633,0.24157898,0.23521118,0.24762559,0.2393657,0.25534722,0.26743257,0.27025598,0.25158843,0.2800084,0.2762771,0.27324185,0.2639097,0.25319836,0.26728126,0.29232398,0.26060393,0.28480175,0.27163893,0.27906194,0.28914616,0.27887088,0.27747062,0.29141805,0.2966955,0.29237303,0.27919918,0.28100786,0.30429763,0.30050254,0.2826609,0.27973297,0.30138642,0.2929794,0.32015118,0.30417645,0.31229043,0.27923474,0.32564792,0.29885814,0.30054492,0.2942702,0.2559865,0.2410172,0.22878516,0.24435066,0.21846087,0.28442955,0.29852292,0.29975945,0.28128785,0.2763504,0.28635147,0.30426762,0.28262258,0.2873369,0.32123107,0.28198087,0.3150185,0.34472874,0.33672324,0.33080608,0.32492396,0.3157738,0.33240303,0.32070446,0.35590318,0.3418017,0.32298437,0.3562755,0.32320493,0.3361631,0.33489588,0.31820598,0.33461106,0.34923938,0.3547613,0.36188084,0.33592653,0.3306692,0.32225457,0.3471341,0.30489668,0.3488892,0.34191838,0.2637368,0.3107953,0.0722536,0.0012463239,0.0007465321,0.0019674057,0.0064483867,0.028945757,0.003114323,0.0075065265,0.09939446,0.14384222,0.32510182,0.2475742,0.23421137,0.2700841,0.29555863,0.3229831,0.32730085,0.32534894,0.32192647,0.32607841,0.30823874,0.34073606,0.32477933,0.32769704,0.33620265,0.30804682,0.3223499,0.31667548,0.30709857,0.35051787,0.32061896,0.33083126,0.34094346,0.33672166,0.32449964,0.32734329,0.30886474,0.29979113,0.29677898,0.30806834,0.3524463,0.32597682,0.3177416,0.35475436,0.31958845,0.3350975,0.32080948,0.30862612,0.363693,0.2918671,0.300319,0.27529153,0.30455917,0.2956329,0.27437606,0.2532053,0.2636956,0.3331099,0.34928495,0.32827073,0.25949454,0.30005914,0.19464576,0.25332,0.20938979,0.039418492,0.018854637
Synthetic_47,0.089156404,0.11636331,0.79448026,synthetic,0.10069004,0.099113874,0.121369734,0.12768629,0.13650446,0.14141892,0.14445473,0.13653076,0.14232281,0.17138061,0.17659496,0.1867767,0.21161777,0.2083078,0.22444782,0.23736231,0.23659556,0.23903379,0.2551743,0.25847694,0.2542036,0.27440327,0.265763,0.28629813,0.28526595,0.28852445,0.2934731,0.27985555,0.28447798,0.30509928,0.30501238,0.30207375,0.32874957,0.34237388,0.33964247,0.34922013,0.3609272,0.35304305,0.37405336,0.366107,0.3535982,0.39503267,0.38579357,0.3803873,0.36037722,0.37646368,0.39545494,0.38166136,0.3842557,0.3909241,0.38512057,0.3948119,0.39205754,0.39457512,0.39099047,0.3977718,0.39508313,0.3970997,0.3904131,0.39790913,0.4093073,0.37798005,0.40904036,0.39842156,0.39200962,0.41792142,0.4000459,0.41598818,0.39601678,0.39601234,0.41219133,0.4215519,0.41504455,0.40333286,0.42324784,0.4114706,0.41078234,0.4131633,0.42906207,0.41582826,0.4173195,0.42041105,0.41305283,0.42753685,0.41971666,0.422213,0.43045598,0.42149034,0.4288193,0.4155185,0.41681322,0.44357577,0.41526082,0.42826372,0.43507853,0.43241906,0.4042981,0.4100646,0.46591926,0.4451364,0.4221866,0.3975893,0.3883103,0.41752768,0.43342057,0.39188123,0.41083655,0.3985052,0.4198682,0.41354808,0.40096954,0.41278893,0.4216336,0.42378363,0.41188216,0.42481294,0.41780165,0.42457342,0.42828506,0.41286814,0.4221923,0.43478712,0.44267005,0.4314663,0.42794234,0.43705267,0.43602788,0.43345913,0.42813385,0.43897048,0.42297152,0.43617037,0.43299943,0.42700306,0.4231647,0.4272617,0.42590517,0.41084605,0.41789755,0.40381724,0.40938187,0.39493838,0.3410047,0.15908088,0.13483573,0.18366747,0.160586,0.06160119,0.053987376,0.12661482,0.34233755,0.3176095,0.22954534,0.2577369,0.26216382,0.2959218,0.34035453,0.35990387,0.35758474,0.3696479,0.38869745,0.36739576,0.3890059,0.37920064,0.38118422,0.38663173,0.37687773,0.39128253,0.3865307,0.374434,0.3939468,0.38785985,0.38498667,0.3826001,0.3816186,0.38576388,0.38674018,0.38054094,0.3715517,0.36216575,0.3721393,0.36377344,0.3670204,0.364181,0.35781285,0.3882744,0.3646988,0.3678638,0.37755105,0.36629665,0.370773,0.36682194,0.33988097,0.3391502,0.3536973,0.3577547,0.35035765,0.3296995,0.34635887,0.3280167,0.33815658,0.33319488,0.30624655,0.30058667,0.31507716,0.25408557,0.25608575,0.28196645,0.23793949,0.12237461
Synthetic_48,0.20471436,0.774273,0.021012705,synthetic,0.02599823,0.02811809,0.033738032,0.034502726,0.03784473,0.04579546,0.04182795,0.04221349,0.05347909,0.052302577,0.054644004,0.059317823,0.05954105,0.06932094,0.06996904,0.06684531,0.08224196,0.07919174,0.078065075,0.0796713,0.086219415,0.08790932,0.0834616,0.10067999,0.09298672,0.10745078,0.10127032,0.108244225,0.10246078,0.11616565,0.11800312,0.13009529,0.14216717,0.15020315,0.1376363,0.13541374,0.14659333,0.1574974,0.15742111,0.16332334,0.16712397,0.16828385,0.16704187,0.17336856,0.16977093,0.18270697,0.18281762,0.16502231,0.1891471,0.17926408,0.18879177,0.19005308,0.19860059,0.1897914,0.18847887,0.20093244,0.20847055,0.19742224,0.21024,0.20127347,0.20520829,0.20422733,0.20278715,0.19762586,0.19648929,0.21085499,0.211403,0.21470441,0.23132028,0.23109443,0.22815223,0.22932078,0.22809972,0.22056133,0.2401705,0.2179197,0.22228757,0.23459671,0.24143587,0.24049681,0.23447105,0.24418022,0.24604955,0.238311,0.25001967,0.24596706,0.25138453,0.25568965,0.26287144,0.26401532,0.25065228,0.26027617,0.27432472,0.27050504,0.25705925,0.26023853,0.26990348,0.2590678,0.2404639,0.23405845,0.22586094,0.24496917,0.2620601,0.22659346,0.23585726,0.2498862,0.2555159,0.2478407,0.25862733,0.2631396,0.27402437,0.27370632,0.27341214,0.274067,0.27572936,0.27426013,0.27280653,0.29574877,0.31398618,0.31328973,0.30965626,0.3007241,0.32637838,0.31066817,0.32534423,0.3324079,0.35078892,0.35688555,0.33369592,0.3448004,0.33650607,0.33342338,0.34442887,0.32594764,0.34271324,0.3317728,0.32773843,0.33469117,0.32939196,0.34817383,0.32928693,0.29168075,0.27894685,0.35025048,0.10301755,0.08140914,0.044304267,0.0062358994,0.01810479,0.025914466,0.0029621527,0.032591768,0.1614417,0.16525231,0.22374628,0.2274116,0.25558656,0.27930796,0.26412472,0.2753169,0.2978819,0.28708652,0.29129958,0.27744505,0.2841375,0.26699206,0.25369906,0.25741655,0.25359783,0.26429617,0.26744536,0.25743213,0.24551749,0.27174672,0.27728504,0.2577166,0.2735464,0.2872509,0.28805348,0.26438072,0.27118996,0.28393972,0.30557722,0.28048858,0.2808875,0.26516932,0.25118417,0.24472676,0.22987327,0.22993681,0.24535307,0.22919536,0.2227392,0.22868678,0.22383144,0.22490805,0.22814041,0.23271178,0.21257035,0.23718609,0.22059369,0.2406802,0.20912081,0.19701245,0.20031579,0.21412069,0.1533447,0.102416344,0.0300025,0.22370873
Synthetic_49,0.29990098,0.7000972,1.7972224e-06,synthetic,0.058642495,0.06305001,0.05257105,0.061679866,0.06407315,0.06174344,0.06455995,0.060422324,0.0693796,0.059465375,0.064770184,0.06457101,0.07470653,0.07184907,0.06641688,0.07348245,0.07563034,0.081852496,0.08521772,0.07463899,0.0814481,0.08554385,0.079827994,0.08752651,0.08820431,0.08888081,0.08362199,0.08466777,0.084291756,0.09224256,0.10738371,0.13632366,0.15011738,0.15012221,0.16113508,0.16371158,0.18075304,0.17903735,0.18688798,0.18118544,0.19265829,0.19069827,0.1798396,0.19797245,0.19356751,0.2101898,0.19434506,0.202477,0.20612407,0.20126684,0.20008095,0.19339545,0.19762486,0.20134543,0.19807215,0.19630799,0.20455386,0.2002481,0.19972837,0.1986602,0.20539942,0.20367485,0.21201536,0.21824618,0.20499383,0.21554181,0.2258799,0.2179591,0.22823203,0.23288125,0.22929116,0.21797232,0.22239071,0.21999541,0.22633502,0.2132954,0.21182533,0.20473662,0.22276922,0.21185875,0.21149872,0.21570905,0.2198003,0.21873975,0.2220371,0.23008257,0.24093243,0.2368834,0.23914364,0.22986507,0.22296603,0.21807846,0.2264517,0.23018813,0.22434467,0.21379562,0.21487547,0.21869007,0.22061522,0.17229667,0.15613136,0.14201936,0.1412172,0.12865424,0.13475506,0.14663607,0.13918993,0.14380755,0.14410737,0.1592468,0.14339389,0.15891962,0.16171224,0.16195348,0.17251545,0.16232552,0.17221774,0.18617272,0.19119069,0.17331807,0.1856551,0.18096374,0.20085104,0.19356479,0.19234857,0.1850697,0.1974544,0.20328884,0.19092251,0.20406686,0.18374053,0.18925723,0.18478818,0.18566999,0.20275493,0.18561044,0.18779142,0.18189287,0.18222466,0.1960936,0.17824598,0.18081461,0.16904365,0.3356955,0.00055551936,0.8760079,0.075181276,0.0048964107,0.30424926,0.28499484,0.43418553,0.2323951,0.10546164,0.10492574,0.12087436,0.112762764,0.12775356,0.13058837,0.12577772,0.123286955,0.12954535,0.12725493,0.1302591,0.14917624,0.12751624,0.13096151,0.12743069,0.13737307,0.1234561,0.12097724,0.122076236,0.127624,0.12198012,0.1323896,0.13067694,0.122682564,0.1379694,0.13624373,0.13148661,0.13799816,0.14311361,0.14037877,0.13557164,0.1373046,0.13714021,0.12441942,0.13221075,0.124421276,0.122157924,0.116858475,0.110634744,0.11590598,0.109397866,0.10150921,0.10008317,0.11360808,0.10740997,0.10779906,0.10875335,0.1093346,0.1070652,0.113007665,0.10640734,0.09711849,0.10585546,0.08962327,0.079634644,0.05534583,0.14010541,0.2479028
Synthetic_50,0.10212385,0.45860347,0.4392727,synthetic,0.01881669,0.02324825,0.025048247,0.030881489,0.027118046,0.03138237,0.027419189,0.033606034,0.038167194,0.03135292,0.044409472,0.039381873,0.05363908,0.06549497,0.06907703,0.07233587,0.074198686,0.06725448,0.06066958,0.07362273,0.070935726,0.08484492,0.08043339,0.06909187,0.076884925,0.08695182,0.079973646,0.084752135,0.07584292,0.090163514,0.107045755,0.12439784,0.12909317,0.14658906,0.14822094,0.14253946,0.16076876,0.15911026,0.16889004,0.17908493,0.16908836,0.16693284,0.16839021,0.18144132,0.1775023,0.17686287,0.1879953,0.17843552,0.18923666,0.18496896,0.18489194,0.19246073,0.18996431,0.19250283,0.1994541,0.19405128,0.19869283,0.18436377,0.20395826,0.21770036,0.18138003,0.20842725,0.19540273,0.20140271,0.19894724,0.20783314,0.21593401,0.21675645,0.2067369,0.2123045,0.2300228,0.2242164,0.21946672,0.22775732,0.23457251,0.22204289,0.21845369,0.21631667,0.22965942,0.2212839,0.20896025,0.22766331,0.23512968,0.21338612,0.2168245,0.22385532,0.22574584,0.25186053,0.23921464,0.2374017,0.21992745,0.22225067,0.23270217,0.2273699,0.23231767,0.23071231,0.22715916,0.24541815,0.234379,0.17884254,0.2078384,0.16831586,0.14512438,0.120670825,0.113063455,0.11791533,0.120254904,0.123185016,0.11016059,0.12302277,0.13637769,0.1370548,0.13726515,0.13810629,0.14898412,0.15550146,0.1606703,0.19571981,0.17002937,0.17118657,0.18468519,0.20312108,0.19989881,0.20369461,0.20749624,0.20476721,0.21428207,0.20168991,0.20509888,0.18968108,0.21203908,0.18754275,0.22599456,0.19823262,0.18860383,0.19513662,0.19310224,0.18869747,0.18110827,0.18928564,0.20538414,0.20939404,0.24307059,0.37285042,0.094135135,0.0023363438,0.0031104926,0.00039208386,0.0004843966,0.013664519,0.00036478197,0.0946577,0.36618242,0.23682745,0.10848839,0.10395169,0.07331979,0.0782161,0.07633536,0.07786232,0.08244242,0.0895632,0.085728005,0.09587698,0.09297604,0.1118128,0.10462923,0.11606199,0.097102724,0.08972166,0.10700062,0.12720026,0.12486642,0.12073973,0.13295722,0.13502167,0.11968552,0.14106749,0.13012797,0.12297441,0.14208159,0.12983239,0.15482835,0.122943394,0.14126334,0.13587578,0.111201726,0.11279965,0.11824214,0.117373355,0.118682414,0.1024731,0.11735576,0.12569809,0.10499756,0.10378017,0.10998527,0.0937866,0.10013066,0.09959028,0.08297087,0.07994804,0.10357579,0.117107674,0.079221696,0.115941465,0.13910563,0.41284725,0.38055557,0.20209691
Synthetic_51,0.5973723,0.40262762,9.736797e-10,synthetic,0.016560933,0.022920014,0.02576503,0.025122087,0.034030072,0.03003397,0.04052402,0.03658643,0.04633141,0.042001497,0.05420565,0.05726436,0.07102694,0.094770014,0.111852616,0.12172313,0.0947229,0.09480679,0.09167616,0.081481755,0.07939255,0.07925499,0.071954906,0.081197456,0.059135232,0.05240351,0.046553962,0.04967853,0.041673645,0.059108593,0.11605706,0.15806285,0.23556894,0.2621406,0.28510344,0.3212503,0.3164656,0.3475819,0.32077178,0.3274104,0.33791825,0.3253379,0.35914758,0.3359419,0.3232619,0.3443085,0.3745268,0.32567418,0.33561558,0.3458383,0.34681985,0.33552983,0.3889918,0.32599968,0.32812306,0.3479188,0.33886728,0.33622342,0.33212525,0.37143248,0.3506239,0.34081456,0.31789702,0.3534837,0.37471813,0.393178,0.38155255,0.3919189,0.3957702,0.3935043,0.35821253,0.41131875,0.41272494,0.37676564,0.34745035,0.32495105,0.34016785,0.3416137,0.33457693,0.35599464,0.32711485,0.31841138,0.35908586,0.33767176,0.3756137,0.32546237,0.3709551,0.39659834,0.367251,0.37214074,0.37716848,0.33595917,0.35398656,0.3471397,0.3245084,0.29366735,0.351712,0.35654494,0.36862683,0.36645776,0.33926475,0.58054626,0.10022097,0.013401105,0.026274092,0.05805315,0.07698215,0.067641556,0.08025293,0.087035194,0.1140579,0.13187699,0.123248816,0.14610904,0.14284138,0.15837355,0.17093389,0.16198386,0.19187398,0.17130633,0.20458023,0.23535438,0.20732036,0.21574351,0.24132873,0.24242447,0.23777872,0.23569708,0.25869155,0.23810287,0.2211229,0.22380427,0.18468472,0.20204093,0.19674613,0.19173877,0.16358511,0.16765147,0.14084734,0.11995694,0.13494533,0.21084917,0.21208166,0.23873799,0.5544896,0.71214414,0.70158106,0.56303734,0.2702459,0.17139104,0.23791935,0.2586129,0.07304167,0.05748709,0.058518846,0.070386164,0.052680932,0.05536265,0.054098345,0.0716473,0.06753561,0.09232978,0.07328884,0.090825856,0.08626585,0.08817814,0.08802127,0.09792709,0.09226688,0.10807401,0.10860196,0.0974314,0.1155917,0.103292786,0.11052331,0.12011684,0.09861436,0.120417245,0.14104626,0.12517527,0.12103318,0.1281139,0.13733704,0.112864405,0.12114798,0.11277951,0.091164224,0.10956786,0.1007572,0.0922978,0.07929809,0.07701868,0.07565057,0.07016914,0.08262649,0.085128695,0.08412813,0.07526671,0.065803796,0.07079987,0.07554003,0.060443763,0.08411347,0.08677878,0.067832656,0.076993875,0.08982331,0.0482695,0.07715899,0.14599007
Synthetic_52,7.1342606e-06,0.000104232466,0.99988866,synthetic,0.038535703,0.052701116,0.06578042,0.069864325,0.0676656,0.061934404,0.066541255,0.07598768,0.076925755,0.08317234,0.08569691,0.08417463,0.09600339,0.10440144,0.10296044,0.09584007,0.10224361,0.12258561,0.13114935,0.11118793,0.11796439,0.13458581,0.13232154,0.13479252,0.13805412,0.113691226,0.13006794,0.1321255,0.14103535,0.1435933,0.1266271,0.14035018,0.1545835,0.15244193,0.17070022,0.17752461,0.17284583,0.18634036,0.17095535,0.15515344,0.17191905,0.18051875,0.19654676,0.18243982,0.18198329,0.18079591,0.18703158,0.21022098,0.20086293,0.20094584,0.20506302,0.19776274,0.23057503,0.21711826,0.20370674,0.21643968,0.21820477,0.22444811,0.22219478,0.23850602,0.22058508,0.23701197,0.22759551,0.23080671,0.24010539,0.22525845,0.2317401,0.2292066,0.24632266,0.25444055,0.24031681,0.23441285,0.2182773,0.26487947,0.24202551,0.2627642,0.26345527,0.25774768,0.2743517,0.26552808,0.27436867,0.25750646,0.26164326,0.27935606,0.25440982,0.27198848,0.24769172,0.2628981,0.2591624,0.27206478,0.2568693,0.2538644,0.30817267,0.27412432,0.26219997,0.28258166,0.30348352,0.28187013,0.3986088,0.32174695,0.29884404,0.23526318,0.24820858,0.22750902,0.2336608,0.23837292,0.24511123,0.2345873,0.23978649,0.2424931,0.26457673,0.2521093,0.24173075,0.25450256,0.26100212,0.28026775,0.2832793,0.27988553,0.26675716,0.27077544,0.27722192,0.26432267,0.30650735,0.28459412,0.2635257,0.26038793,0.2594109,0.27413577,0.27811608,0.3001796,0.26993218,0.29631692,0.3165543,0.27832237,0.2837363,0.26288047,0.27097648,0.27382642,0.24859583,0.2563161,0.2667013,0.28903458,0.1941021,0.31398875,0.3013765,0.451055,0.34985396,0.1406668,0.3364077,0.09901563,0.19060674,0.5560112,0.17634931,0.26578438,0.1895024,0.24603002,0.2305107,0.24326369,0.2476848,0.22553502,0.23010269,0.24390627,0.22700848,0.23246384,0.24642073,0.27232483,0.24385965,0.27324215,0.25245193,0.27888077,0.26049125,0.23230465,0.25065547,0.2553886,0.26097867,0.23907587,0.2486476,0.24706809,0.2438829,0.25434428,0.25551996,0.2362953,0.24641493,0.25974494,0.24469055,0.26024416,0.26829872,0.23222716,0.2653596,0.25790122,0.25267926,0.2688661,0.24059759,0.27271575,0.22539571,0.26295003,0.24844888,0.25653276,0.22401895,0.23984618,0.24662413,0.26353133,0.25183618,0.22629768,0.23503143,0.16713244,0.19049223,0.17197238,0.24810842,0.46696544
Synthetic_53,0.0070594307,0.43572998,0.5572106,synthetic,0.071822636,0.07727681,0.07787757,0.08189515,0.09746755,0.09186228,0.10413703,0.09616683,0.10702053,0.12213722,0.11889024,0.11992792,0.13046601,0.14371103,0.15383649,0.14564909,0.14474206,0.16544461,0.15992671,0.17818096,0.20688097,0.169478,0.17722274,0.20357169,0.20032723,0.22635338,0.2064288,0.2092327,0.23231842,0.23149572,0.21888636,0.22758569,0.22771601,0.22057165,0.23756292,0.24297819,0.23943849,0.24097762,0.23580189,0.25742045,0.2553731,0.27551723,0.2590167,0.2608096,0.27855292,0.28087118,0.30406907,0.26596376,0.2987317,0.2849303,0.30939767,0.30650598,0.29603016,0.30528787,0.31666964,0.3253289,0.3183427,0.32981762,0.326103,0.33143425,0.32303482,0.33106583,0.35345277,0.33036435,0.3302973,0.3565033,0.34396818,0.36624578,0.35112512,0.3450811,0.35434154,0.35954502,0.36525986,0.37457398,0.3850731,0.37797657,0.38309696,0.37360606,0.3569262,0.37169114,0.36042815,0.36347473,0.366826,0.38398457,0.38387933,0.3754565,0.38694206,0.38110587,0.3832054,0.36092776,0.39264748,0.40929422,0.4112218,0.39749742,0.3980154,0.39602563,0.40943903,0.41191,0.4125842,0.41771463,0.42215213,0.422735,0.39411935,0.40759534,0.43836722,0.4068362,0.4114859,0.41397622,0.41277438,0.41079766,0.39555296,0.41259068,0.40223795,0.41008595,0.40703896,0.4181055,0.4106898,0.40780902,0.4328596,0.41267318,0.43300328,0.41396204,0.42098218,0.4317856,0.430112,0.45776442,0.41838443,0.44345567,0.44069973,0.43372798,0.41452274,0.43306226,0.433024,0.42438397,0.41550192,0.43977514,0.41055477,0.44836837,0.41458446,0.4253287,0.46402794,0.4628978,0.5145718,0.029137986,0.00048007112,0.0001095232,0.0002387738,0.00097329705,0.001269229,0.0002134593,0.00017794438,0.002359856,0.06326445,0.44696507,0.4816287,0.38187942,0.39456916,0.40649948,0.39668477,0.42075172,0.45001185,0.40759054,0.43660104,0.41311112,0.4211528,0.40311703,0.4003997,0.40755716,0.39968964,0.41787145,0.38845134,0.40402654,0.41542044,0.40311575,0.4022973,0.3996193,0.42827356,0.39855376,0.396947,0.38356817,0.38263723,0.3688486,0.37052706,0.41972315,0.40410754,0.38725704,0.4017782,0.38356787,0.39443973,0.39865792,0.37722674,0.39065698,0.36311594,0.344383,0.3670161,0.36368477,0.37607443,0.37735772,0.34510335,0.3998834,0.36503372,0.39888746,0.3978492,0.35271063,0.42268157,0.36401474,0.42774236,0.32848087,0.3278652,0.11015245
Synthetic_54,0.000118405645,0.26561114,0.73427045,synthetic,0.053926297,0.06135412,0.06405697,0.07221314,0.08085868,0.07049049,0.08142796,0.07717959,0.090666726,0.09064971,0.10313025,0.0957608,0.10569142,0.10430369,0.10022867,0.102548756,0.11468064,0.11337908,0.12619007,0.11878848,0.13336867,0.1423097,0.13821936,0.13561466,0.15762778,0.15114625,0.1494605,0.15357408,0.15819758,0.16610001,0.17635596,0.17404911,0.1714575,0.17209831,0.1799657,0.18905658,0.19571462,0.20325564,0.20235719,0.21605463,0.21018413,0.21592122,0.22696514,0.22096215,0.23247565,0.2373037,0.24361084,0.24911974,0.25477996,0.24786717,0.26127097,0.2682011,0.27088255,0.2781424,0.2678663,0.2793529,0.29021537,0.28790626,0.27949303,0.29800832,0.27824047,0.2896039,0.30952933,0.3048904,0.28766492,0.30118057,0.30170053,0.30640134,0.32872155,0.313613,0.33472362,0.3182773,0.3123211,0.3330283,0.31217977,0.33212593,0.32986826,0.3404001,0.3497365,0.33806986,0.3314612,0.3343231,0.36242476,0.348726,0.34421685,0.34264678,0.34772483,0.35735735,0.35513708,0.3383086,0.33874434,0.3542203,0.36841533,0.35973224,0.35012442,0.35267234,0.3772635,0.39288378,0.39755931,0.3456212,0.3613885,0.34615347,0.36613372,0.32144126,0.33876684,0.33324847,0.34839702,0.33466005,0.3399827,0.3550561,0.3536896,0.35748106,0.3611797,0.3498879,0.3590962,0.37530902,0.3585878,0.37772882,0.37250707,0.3738422,0.38547224,0.3716789,0.3846471,0.3723091,0.37847054,0.3792988,0.37322426,0.38723144,0.38000536,0.38814858,0.36732963,0.4050055,0.3820109,0.38384867,0.377643,0.39658293,0.39340007,0.3924747,0.3762335,0.37794647,0.38551122,0.36101425,0.3924931,0.3434859,0.45426822,0.4657779,0.16629922,0.42923346,0.5207465,0.39074153,0.52922696,0.48209393,0.36242554,0.3437426,0.3318224,0.33627805,0.35389712,0.36847752,0.3483154,0.3457371,0.33951616,0.35708264,0.34030947,0.34522933,0.33715463,0.33059767,0.33641636,0.31678993,0.31576154,0.3154902,0.31061688,0.333077,0.31043738,0.33378312,0.31302962,0.32529938,0.3249706,0.32824045,0.32348457,0.3295303,0.32207894,0.32011986,0.32565337,0.31590745,0.32461497,0.3143257,0.31562033,0.28657138,0.30304387,0.30002403,0.31280282,0.30024105,0.299612,0.30796784,0.2772829,0.29148418,0.2853627,0.30793926,0.28952232,0.29689655,0.30045033,0.30488196,0.2968331,0.29091865,0.30986357,0.2658575,0.28122354,0.20033976,0.2493198,0.33844712
Synthetic_55,0.00016765007,0.3726308,0.6272015,synthetic,0.04849674,0.06850371,0.0629548,0.06862604,0.075075455,0.069852546,0.08529462,0.07137756,0.08845499,0.092642695,0.10717642,0.0981842,0.10717027,0.10821811,0.10572289,0.11508531,0.11288492,0.12072769,0.13850062,0.116350055,0.11937686,0.14242874,0.15414311,0.13382128,0.14327061,0.13361855,0.15095493,0.15507825,0.17444593,0.16529885,0.17638797,0.18435405,0.17708093,0.20392855,0.19033046,0.20512536,0.2139768,0.20405619,0.22427069,0.22384621,0.22400397,0.23314407,0.22464424,0.23819499,0.23958446,0.25545985,0.23686925,0.23328875,0.24866168,0.26773775,0.26959062,0.27132612,0.26491982,0.2861164,0.2848055,0.28144357,0.3013268,0.29419002,0.29843858,0.2987343,0.2741007,0.28507474,0.29594022,0.32614416,0.28874135,0.29772153,0.31312546,0.2955781,0.3240828,0.3037033,0.31534806,0.30642408,0.30421805,0.33458835,0.3234087,0.33175874,0.33600527,0.3457198,0.34005237,0.3379786,0.3241536,0.3395923,0.35939506,0.36272115,0.3523371,0.34053642,0.3502142,0.3647822,0.37231103,0.34570473,0.35112852,0.33785373,0.35849276,0.37771916,0.35594493,0.36048892,0.32536188,0.3626626,0.36149,0.37075168,0.35752982,0.36375064,0.36444566,0.35092822,0.34017664,0.33673853,0.34705257,0.33694443,0.31444812,0.331811,0.33608022,0.31637794,0.33875686,0.33069682,0.34055114,0.3528353,0.34116536,0.36184132,0.34025756,0.33705676,0.37200782,0.37792575,0.3858969,0.36617872,0.38001564,0.3662734,0.3641827,0.37426493,0.37933332,0.3830798,0.35540703,0.3991613,0.3569225,0.38068807,0.35263637,0.3716768,0.3827186,0.36835745,0.385477,0.37746122,0.34773937,0.3178944,0.4458004,0.5338251,0.38486972,0.13211411,0.18580982,0.5561044,0.76154184,0.80713785,0.747441,0.9046698,0.63367367,0.31872413,0.30197778,0.32942495,0.34156194,0.35532638,0.32058367,0.30856147,0.30936995,0.34112006,0.32139277,0.33005807,0.3204091,0.32711163,0.33070573,0.29856026,0.3134705,0.30869055,0.2874885,0.3152587,0.29775506,0.31365064,0.31315798,0.32245788,0.30588767,0.3056344,0.3216959,0.29182136,0.32256526,0.31812543,0.3033877,0.30869383,0.316288,0.30868214,0.31848016,0.27751663,0.2832701,0.28779134,0.29131773,0.31152838,0.27657774,0.29199702,0.28063494,0.28551006,0.24782562,0.29659796,0.27063566,0.28992358,0.2794432,0.28854114,0.2976162,0.2528999,0.27427435,0.27250576,0.3133586,0.18686688,0.24349146,0.53006816
Synthetic_56,0.6512258,0.34877342,8.48705e-07,synthetic,0.02594069,0.026341585,0.026958779,0.028790813,0.030647922,0.032022454,0.034233224,0.03507703,0.03296549,0.034188733,0.03368241,0.038503822,0.041002806,0.046426166,0.05315602,0.05409234,0.054877512,0.052729595,0.04800004,0.051119234,0.04638016,0.04558003,0.0459371,0.047012985,0.04621882,0.044558328,0.04289121,0.039395116,0.040481832,0.046144582,0.07128156,0.109471664,0.15227538,0.21064897,0.265489,0.28467596,0.29695597,0.29287997,0.3075371,0.3166627,0.31353602,0.31295955,0.32213998,0.31074592,0.3215105,0.31335223,0.31697506,0.3330611,0.3295755,0.3362881,0.3294163,0.32699922,0.3275498,0.32712245,0.31540513,0.30647278,0.29532152,0.30198365,0.29305342,0.30590913,0.31012785,0.31750548,0.32946056,0.32886696,0.3355387,0.34040442,0.33998027,0.3439412,0.35322663,0.34555626,0.34757918,0.3510117,0.33334032,0.33032507,0.3086625,0.2882857,0.27547714,0.27013585,0.26060683,0.2624318,0.26860327,0.27276433,0.2756342,0.3007281,0.27948576,0.29933643,0.29159638,0.29854235,0.29382807,0.3030555,0.28835446,0.2748819,0.27064314,0.2554586,0.23591073,0.21968432,0.2016324,0.17027745,0.17816101,0.13877685,0.108654015,0.0877105,0.08991159,0.07798014,0.07643875,0.07963221,0.06961716,0.07719604,0.08014729,0.086084604,0.08851455,0.09444534,0.09526364,0.10298978,0.10533757,0.10972803,0.114881344,0.121357344,0.12515616,0.12542747,0.12737405,0.13482381,0.13426821,0.14026456,0.14224057,0.13915506,0.14642341,0.14336258,0.14553203,0.1433872,0.14518446,0.14296027,0.13759552,0.13461134,0.13666022,0.1298459,0.12788641,0.12663011,0.12449065,0.13553362,0.12298748,0.12238562,0.13112068,0.1154017,0.12566881,0.14903721,0.100460544,0.10418949,0.07157097,0.06424482,0.05473626,0.057616524,0.044223335,0.050826967,0.050617725,0.057592787,0.06079381,0.06361341,0.062624805,0.06556254,0.06690461,0.07044371,0.07074346,0.07197955,0.06757176,0.06823671,0.07176012,0.071529105,0.071568936,0.07028771,0.07209656,0.072046794,0.06780919,0.072625,0.07299265,0.07142284,0.07281835,0.07670214,0.079347044,0.08305408,0.078473784,0.08113922,0.08402975,0.085361816,0.08152556,0.07384269,0.077423155,0.06931677,0.06936297,0.06958327,0.061069682,0.056839596,0.06547872,0.060356528,0.057628684,0.058764897,0.057362497,0.0594313,0.052666012,0.05321273,0.056677338,0.056658387,0.04954056,0.043034337,0.045679152,0.054335784,0.047044113,0.047941722,0.06409194,0.10908326
Synthetic_57,0.8190881,0.18090463,7.2821013e-06,synthetic,0.014408268,0.017637415,0.021132417,0.026914027,0.051865455,0.033776496,0.055226438,0.040578052,0.05415444,0.060412325,0.027177116,0.051506788,0.069293104,0.06848979,0.06550367,0.08313948,0.07163005,0.06675139,0.045233402,0.074554905,0.06959438,0.06420489,0.059268318,0.04496306,0.048861988,0.052518576,0.070988856,0.051083617,0.052408744,0.060300957,0.11758237,0.090908125,0.13714425,0.1872482,0.21841739,0.21099563,0.17486176,0.19527373,0.19624539,0.19615963,0.21100199,0.2413979,0.19916742,0.2501348,0.2192228,0.2861122,0.28773782,0.2488959,0.27594247,0.24041852,0.26338154,0.2770315,0.22686751,0.28057787,0.23511732,0.26825455,0.28402835,0.23886903,0.29462677,0.28659883,0.2584511,0.24960826,0.2810968,0.26632598,0.3716073,0.28836638,0.35912573,0.26920316,0.33815378,0.33292308,0.34386915,0.33393618,0.34920406,0.310258,0.28839383,0.33867738,0.2838304,0.30217463,0.32084775,0.32606074,0.32802755,0.3285621,0.2869827,0.39234012,0.3017505,0.3049343,0.27766898,0.31396577,0.3493829,0.34693718,0.36679098,0.29222196,0.2828176,0.25387362,0.2885494,0.21363357,0.37700707,0.7866552,0.35260445,0.6575643,0.06829219,0.09113762,0.115327634,0.09323867,0.10912759,0.101176925,0.11959898,0.08209302,0.09592469,0.11831213,0.123963706,0.117879406,0.13896552,0.1343301,0.18539594,0.15044774,0.20284641,0.18462089,0.17079042,0.1778254,0.18251425,0.1778941,0.22951621,0.20645574,0.27236485,0.21042125,0.2750461,0.2262069,0.22690454,0.19873571,0.22310524,0.22311793,0.18601175,0.178964,0.17476834,0.23738717,0.17534618,0.19273315,0.19573823,0.15931167,0.15231064,0.14489794,0.5447126,0.06268781,0.0031657126,1.9308587e-05,0.16128746,0.9998714,0.9188016,0.9019673,2.5561313e-09,0.92452943,0.71628046,0.013539108,0.039493255,0.07510807,0.04333902,0.05984799,0.06347227,0.061275214,0.05000279,0.0895944,0.068832204,0.07885276,0.10637173,0.067416705,0.08017396,0.08278829,0.07207238,0.089758344,0.09248907,0.09749432,0.09065875,0.090533264,0.0817131,0.1039504,0.07615111,0.11008938,0.136155,0.12490407,0.10054546,0.1311027,0.11262119,0.100251056,0.08455494,0.08694628,0.05387584,0.107411854,0.06658675,0.079580374,0.06675239,0.07892769,0.081353284,0.06749244,0.055124305,0.064433545,0.0540233,0.056371197,0.055587664,0.046006277,0.09581524,0.042153947,0.052477803,0.049632143,0.0187409,0.042207997,0.0996208,0.29233485,0.12723309,0.03063077
Synthetic_58,0.00204966,0.15872294,0.8392274,synthetic,0.07403405,0.06491962,0.07711481,0.082202375,0.086380996,0.08035556,0.0857603,0.08755074,0.09034358,0.10152469,0.10763039,0.10513183,0.1216553,0.12421908,0.12683162,0.13271126,0.13371293,0.14138874,0.14006618,0.1478737,0.15746516,0.16104698,0.16449365,0.16321555,0.18234177,0.17985375,0.18266524,0.16940485,0.18478492,0.1967654,0.19860463,0.19917092,0.2150463,0.21631718,0.21724774,0.22473156,0.23681784,0.240624,0.23721394,0.24015516,0.25027537,0.25552505,0.26462844,0.25645596,0.26139742,0.2652048,0.27167463,0.27500373,0.28197312,0.27187937,0.27845654,0.2800632,0.2849017,0.29090977,0.28545645,0.2917131,0.28669682,0.2949362,0.3028903,0.31098175,0.30740306,0.30965248,0.30960247,0.3135462,0.31823546,0.32403162,0.31691676,0.3193913,0.3361976,0.3332445,0.32993227,0.3358102,0.31969678,0.32590747,0.34233516,0.3413105,0.32869852,0.33860767,0.34747028,0.34938917,0.357895,0.3539621,0.34357467,0.3616696,0.35585335,0.36702308,0.36087802,0.36210862,0.3660773,0.37284043,0.360125,0.37794596,0.37220484,0.374585,0.36480084,0.3600418,0.36680934,0.33136562,0.35519838,0.32576296,0.33246687,0.33240652,0.314773,0.35322136,0.3496862,0.35161594,0.3586129,0.35816228,0.3778885,0.37085664,0.37393486,0.39124215,0.3865244,0.38448393,0.3784171,0.3845933,0.38871738,0.3857219,0.394764,0.40216917,0.39244094,0.39341545,0.39767858,0.40788913,0.396512,0.39636895,0.39465618,0.4028838,0.39207202,0.40551922,0.38469735,0.40021527,0.40560234,0.3947169,0.40767497,0.39674523,0.3979045,0.39158922,0.3859138,0.38096228,0.3858006,0.40372363,0.36214596,0.41912872,0.38413543,0.39140242,0.46240532,0.17852785,0.2126342,0.36507472,0.42549193,0.45020768,0.33973932,0.3197186,0.31044546,0.34400913,0.357473,0.35951543,0.36484078,0.36296135,0.3627703,0.3607752,0.3847295,0.3674171,0.3722623,0.35916245,0.3521868,0.36592668,0.37554085,0.36894566,0.35815355,0.36714306,0.3573233,0.36574793,0.34896192,0.35178867,0.35598928,0.36521116,0.35322002,0.35444096,0.35164022,0.36063424,0.34964746,0.35379487,0.3610293,0.3610536,0.35697785,0.35210818,0.334623,0.33387464,0.35061297,0.34461978,0.32746607,0.34084105,0.32077128,0.33887887,0.3358755,0.33715132,0.33879253,0.32527265,0.33918434,0.31373003,0.31111684,0.3125006,0.34375924,0.2860529,0.31112936,0.27729008,0.28686947,0.10677926
Synthetic_59,0.96056694,0.039230503,0.00020256655,synthetic,0.020849196,0.023820052,0.024357712,0.029845502,0.023676092,0.028432425,0.027944637,0.028994003,0.02576907,0.03012163,0.032666173,0.03813935,0.05133297,0.073327616,0.076883726,0.08500678,0.07549784,0.074060254,0.05907698,0.060360882,0.058650274,0.05420252,0.048423205,0.043488108,0.047631633,0.044140793,0.040076938,0.03538472,0.03493578,0.049034867,0.08940504,0.16246574,0.23092781,0.29111418,0.35352412,0.3587562,0.35830235,0.369168,0.37320593,0.38376448,0.37638736,0.36747998,0.37513995,0.38044506,0.3710111,0.38119474,0.39139792,0.38484746,0.37939566,0.38273317,0.38590327,0.36135474,0.39199683,0.39260563,0.3784912,0.3828768,0.38873813,0.37603045,0.37308022,0.3822055,0.37819564,0.36617342,0.38208124,0.3868235,0.39063358,0.39161772,0.393742,0.38556382,0.384294,0.39191705,0.38874123,0.38303128,0.386188,0.38082877,0.36103302,0.35567495,0.35269424,0.34346935,0.34412017,0.35546973,0.35181123,0.34217346,0.3579219,0.35561994,0.36034986,0.35131538,0.36290613,0.3674337,0.35036135,0.3496446,0.3620679,0.33901283,0.33315048,0.31118292,0.30577186,0.28361687,0.25977102,0.23344554,0.22911662,0.19025059,0.12420207,0.09011344,0.0943404,0.080065496,0.07679646,0.080498554,0.081480205,0.08226455,0.09646354,0.095296256,0.11005025,0.11691118,0.11852436,0.12131971,0.14993604,0.15839906,0.16014461,0.18466139,0.19182655,0.18354961,0.19792505,0.2148627,0.21120095,0.21753229,0.22209513,0.21218224,0.2246339,0.22164135,0.21921371,0.21892174,0.22219166,0.21368682,0.21600033,0.20100068,0.19627273,0.18827976,0.17868689,0.17554666,0.1699401,0.18172598,0.17684782,0.17264202,0.16043676,0.13603376,0.0012198897,0.12460665,0.18549545,0.17681608,0.10731551,0.09525559,0.063741565,0.03810391,0.047404885,0.024067113,0.020475004,0.024965905,0.02811065,0.02738386,0.03286869,0.033952788,0.0380512,0.040772762,0.047982015,0.053877506,0.054809872,0.05556788,0.060698245,0.062804095,0.06397788,0.06951945,0.07253023,0.07378865,0.07967178,0.0881475,0.08736217,0.090659946,0.08456781,0.08840992,0.08838756,0.09369513,0.09533439,0.09654147,0.096586816,0.09254785,0.09327757,0.096303344,0.086751014,0.082120605,0.08136218,0.07489632,0.06794598,0.06545141,0.06102044,0.060630772,0.049485244,0.050597608,0.052920077,0.043047268,0.049382538,0.03701604,0.033302452,0.0234745,0.024522625,0.031105623,0.016554497,0.0115064895,0.016817864,0.023361146,0.038789295,0.1199093
Synthetic_60,0.4242004,0.5757501,4.9530103e-05,synthetic,0.022167297,0.025272513,0.0269533,0.02693374,0.030531947,0.030940054,0.03338751,0.03291468,0.03418374,0.035794564,0.03459664,0.035497986,0.041298382,0.044969093,0.047294803,0.04916613,0.05042805,0.05064477,0.05930117,0.049928207,0.04986724,0.05109151,0.051510107,0.052853942,0.05421939,0.05262251,0.05099412,0.051994536,0.053827785,0.058387,0.07371621,0.095812656,0.10702586,0.12300615,0.1262202,0.12907965,0.13057831,0.1364726,0.13636674,0.13487121,0.14328305,0.14710456,0.1504078,0.14000589,0.14472638,0.15400404,0.15251178,0.14638859,0.15553628,0.15335293,0.15636234,0.16366683,0.16145138,0.16093783,0.1583173,0.16342443,0.16148728,0.1598963,0.16097392,0.16427338,0.16134156,0.16933699,0.16905943,0.17033258,0.17488554,0.18168086,0.18340163,0.18575439,0.18894315,0.19638865,0.19379552,0.1898254,0.18924336,0.18847439,0.18448587,0.18445584,0.18428715,0.18587115,0.18382566,0.17861454,0.19035816,0.18877292,0.19478694,0.20219964,0.20220234,0.20421961,0.20448744,0.21123095,0.21207993,0.21072283,0.2112298,0.20705025,0.2113546,0.21396342,0.20759779,0.19983219,0.18656938,0.22224328,0.19767833,0.18615703,0.15758772,0.14393269,0.16412413,0.13578138,0.13487853,0.1363917,0.13912949,0.13201624,0.1434838,0.14581785,0.15559438,0.15810093,0.16124986,0.16568829,0.16142628,0.16426599,0.16736561,0.17298964,0.17709707,0.18164134,0.17997712,0.18894689,0.19068743,0.19521445,0.19022954,0.19732197,0.19438417,0.1986324,0.19603996,0.1975826,0.18937656,0.18310079,0.1793298,0.18083854,0.18825047,0.18380325,0.18249317,0.18044786,0.18199037,0.17970532,0.17604217,0.17801309,0.19055362,0.16527283,0.1543701,0.22116356,0.15852448,0.14748353,0.12864184,0.13195945,0.097717606,0.09198484,0.09380142,0.120752245,0.10533927,0.119734876,0.123967834,0.12787333,0.1237852,0.12872045,0.12988415,0.13762356,0.13471599,0.13677697,0.12972726,0.1263841,0.122900486,0.12851846,0.1276489,0.12629008,0.128631,0.12791216,0.11911661,0.13245122,0.13187872,0.12701388,0.124483064,0.12538382,0.13198306,0.13277423,0.13668993,0.14434755,0.14353774,0.13090676,0.12961172,0.12332438,0.116672575,0.11416689,0.108136125,0.10316834,0.10094882,0.09845567,0.10043949,0.09869984,0.101394184,0.10201936,0.101071484,0.10159308,0.097981595,0.10046745,0.09799387,0.09335986,0.08672169,0.082345024,0.08190634,0.076301195,0.07146825,0.06443866,0.09467533,0.12103663
Synthetic_61,0.13164835,0.7488621,0.119489565,synthetic,0.0399999,0.042016618,0.045286328,0.055514902,0.052805588,0.05928678,0.05107562,0.057737928,0.06279569,0.064481884,0.067801006,0.075051464,0.08502106,0.096139126,0.095917776,0.10357116,0.0981603,0.10285518,0.10103289,0.1034808,0.11508776,0.11894016,0.11752134,0.120646484,0.11532488,0.123903416,0.12548442,0.124209695,0.12928765,0.13595162,0.16049366,0.17127335,0.17919542,0.19087608,0.18640213,0.19693476,0.20402212,0.20368595,0.21956582,0.22052298,0.21535575,0.23580539,0.22372948,0.23680305,0.22819626,0.24650341,0.2556238,0.24032295,0.25399277,0.25754604,0.26148653,0.27364606,0.26800767,0.2718563,0.27788568,0.27529135,0.27335277,0.2748816,0.2813498,0.2822118,0.2763865,0.2958251,0.27741393,0.29047525,0.2909423,0.2989891,0.29300952,0.3034168,0.30280933,0.3105193,0.32083246,0.319725,0.31955072,0.3146912,0.3233856,0.31304726,0.30927816,0.32102582,0.32307872,0.3141055,0.322917,0.32881615,0.32157442,0.32112843,0.32889456,0.33604246,0.33513498,0.3427253,0.33187038,0.33864632,0.3455655,0.3319363,0.34176803,0.3393491,0.345811,0.3417521,0.32791325,0.3252044,0.34197584,0.33392006,0.3498654,0.3355724,0.32223147,0.2873798,0.28341463,0.27007434,0.27739128,0.2772373,0.27544034,0.28029305,0.28571832,0.28012562,0.2942572,0.28939766,0.29868996,0.29457235,0.2952455,0.32653522,0.3195174,0.3061669,0.32938787,0.32903966,0.3202674,0.32881787,0.3478475,0.3322604,0.33387038,0.33567446,0.31805155,0.32928213,0.33401108,0.31488642,0.34800333,0.3418106,0.33468324,0.32562295,0.32704827,0.31646574,0.3253923,0.31414333,0.3374023,0.36699763,0.45120785,0.06840244,0.30187365,0.18140157,0.03877741,0.0036518916,0.006983429,0.03890707,0.044364873,0.10611665,0.22993903,0.25180376,0.22371931,0.20173615,0.21059576,0.23273544,0.21581404,0.22812791,0.22104947,0.23457158,0.23722872,0.24129042,0.23967457,0.24648334,0.24878411,0.2611814,0.23864396,0.2322069,0.2457283,0.25405747,0.25244015,0.2662584,0.26493004,0.26553598,0.24551767,0.2580991,0.25629303,0.2505487,0.25720963,0.26214433,0.26959902,0.2460303,0.25347212,0.25626886,0.23578432,0.24605392,0.24051003,0.24316181,0.22649924,0.22237884,0.23513567,0.2273438,0.22112265,0.22423965,0.21078517,0.21437213,0.20921166,0.2030588,0.20048226,0.21712257,0.2156868,0.20496674,0.20393443,0.15490773,0.21186033,0.24499327,0.2188273,0.1789662
Synthetic_62,0.0016778145,0.062979795,0.9353424,synthetic,0.068400554,0.07065029,0.08188255,0.09414002,0.09879386,0.097979866,0.09389034,0.09613304,0.10078187,0.12985958,0.13090335,0.13056049,0.15244994,0.16622315,0.16656029,0.17098972,0.17915802,0.18126085,0.18562147,0.19159843,0.20126326,0.20701613,0.19605702,0.2233491,0.224804,0.22236253,0.23542513,0.21105944,0.21837372,0.23865291,0.22691983,0.23790747,0.2587953,0.26552838,0.2705085,0.2861373,0.27885062,0.30238187,0.28693762,0.29986772,0.29021108,0.3163066,0.31229988,0.3013438,0.2921384,0.30857405,0.32241634,0.3107784,0.3100264,0.30901366,0.3168545,0.32133245,0.32763124,0.3420998,0.31943008,0.33798766,0.33402848,0.33301923,0.32516786,0.3296873,0.32609653,0.3258107,0.34456334,0.3355442,0.33444732,0.34714872,0.34633258,0.35876143,0.34526947,0.33813563,0.36139554,0.3592725,0.3446375,0.37366667,0.37036046,0.3663805,0.36600706,0.38222113,0.38600478,0.36598182,0.3618156,0.36970553,0.38371482,0.36111552,0.36909318,0.375933,0.38112187,0.3865525,0.38745898,0.362232,0.3649871,0.38843852,0.40125814,0.38764903,0.38012564,0.38204312,0.37349367,0.33858252,0.38921696,0.34861696,0.38488817,0.3750125,0.38713354,0.37261167,0.41276595,0.3742834,0.38825607,0.37940535,0.39607534,0.3775578,0.38043797,0.3896201,0.38901395,0.3729354,0.3756271,0.39546746,0.37353593,0.40057388,0.40803733,0.38711366,0.39014125,0.4016882,0.40758008,0.39701584,0.3818249,0.40129063,0.39491406,0.3974979,0.39508724,0.412748,0.4111839,0.40707463,0.4185925,0.40139985,0.3942946,0.4019822,0.39159957,0.40142873,0.3876508,0.38654023,0.4052473,0.3786872,0.22238949,0.098282956,0.26512182,0.16781144,0.21442614,0.05610254,0.043009933,0.0058251875,0.065692075,0.34801012,0.2668846,0.29836932,0.3211089,0.3433154,0.36518946,0.36842957,0.36434475,0.3721128,0.38192162,0.3720395,0.3897529,0.3797366,0.365909,0.3575098,0.36174995,0.3629226,0.3650057,0.35957214,0.36037856,0.36378023,0.35181758,0.3696768,0.34538263,0.35397562,0.36317533,0.35484633,0.351542,0.35581338,0.35135895,0.33708552,0.33765897,0.34927255,0.35175222,0.36561063,0.38499618,0.3410808,0.36179718,0.35098243,0.3696048,0.35146382,0.3247187,0.34197816,0.3233447,0.33006504,0.3346129,0.32385722,0.338519,0.3165769,0.30540857,0.3344531,0.3206936,0.34625074,0.32868162,0.2527006,0.28069374,0.20641074,0.26638857,0.14539132
Synthetic_63,0.38178763,0.6182092,3.2643434e-06,synthetic,0.02868752,0.028760703,0.034532107,0.032236777,0.0345583,0.039009556,0.044200927,0.043307718,0.042229082,0.043509096,0.04402665,0.04835487,0.054650716,0.060143523,0.06657787,0.068505004,0.070658915,0.063769065,0.06800505,0.06913419,0.06412281,0.067070246,0.061593466,0.06670539,0.068420306,0.06470017,0.06633496,0.064981766,0.070714846,0.07851971,0.09924859,0.11903614,0.14584772,0.16716693,0.18234257,0.19045536,0.18768716,0.21577123,0.19547907,0.20991865,0.2092357,0.21408698,0.21952425,0.21861598,0.22189732,0.22330575,0.22954406,0.23322234,0.23530233,0.2366196,0.24940923,0.24661218,0.23841368,0.23493661,0.251346,0.24922572,0.24216105,0.25115028,0.24923468,0.24828033,0.26067674,0.24993815,0.27062458,0.27168384,0.2823194,0.27522463,0.28608027,0.2923089,0.2935784,0.30222845,0.29619342,0.30482686,0.3026278,0.30461234,0.29614243,0.29009926,0.2928668,0.27915072,0.2840323,0.29698896,0.28927183,0.28489807,0.300845,0.29019505,0.29762417,0.31430343,0.31463972,0.33409923,0.32139164,0.32499436,0.33102098,0.33444595,0.3191755,0.31067935,0.3046144,0.31855223,0.2650635,0.2656479,0.28041628,0.32894373,0.4237719,0.10098646,0.10466146,0.15385915,0.1599443,0.15818623,0.15727149,0.1586517,0.1776282,0.17162557,0.1962893,0.19913766,0.19043848,0.21328725,0.22071785,0.2311111,0.22832462,0.24679804,0.25796258,0.25414625,0.26575848,0.269801,0.28235695,0.2794707,0.2884494,0.29245937,0.29587117,0.29364997,0.30332303,0.30229366,0.28584713,0.2924005,0.28597963,0.29393303,0.28522474,0.2918071,0.26779136,0.26292244,0.26611307,0.2709566,0.2801684,0.28060144,0.28937468,0.29499128,0.35199896,0.3891745,0.31773025,0.27767083,0.21175952,0.18357034,0.17418738,0.1561363,0.1317773,0.12733541,0.13856082,0.14917804,0.14835125,0.1555136,0.1469649,0.15942656,0.16489334,0.16717224,0.16310452,0.17699935,0.17344832,0.15871423,0.1647227,0.16606253,0.15940127,0.16437745,0.17258704,0.17037097,0.1691981,0.173778,0.18946324,0.18380095,0.1808059,0.1944451,0.19708179,0.19226599,0.17991492,0.19126621,0.20198064,0.19181147,0.19514263,0.18237442,0.17482603,0.15928848,0.1682858,0.16061147,0.16253716,0.14087518,0.14883497,0.15563773,0.15146877,0.15375976,0.14326218,0.13962768,0.14465427,0.1591616,0.14771599,0.14032447,0.12939085,0.14427306,0.13557626,0.13195473,0.11889895,0.10970075,0.15594587,0.16804612
Synthetic_64,0.012680097,0.6322343,0.35508558,synthetic,0.05150716,0.053307824,0.05695399,0.06040564,0.07233605,0.0693506,0.07569961,0.07975332,0.08176848,0.082883544,0.086010315,0.09429105,0.09986852,0.10338749,0.11057731,0.11093075,0.12997141,0.1305197,0.14530227,0.13622375,0.13258931,0.13760908,0.14004833,0.13955334,0.14606315,0.14903332,0.14391157,0.1553461,0.15860465,0.16475017,0.18025339,0.18421835,0.19194072,0.20504092,0.20734465,0.19530386,0.20649198,0.21627484,0.22364648,0.22047076,0.22854161,0.23330842,0.22686121,0.22643974,0.23236507,0.23654984,0.2465871,0.24442126,0.25160405,0.2515269,0.2529673,0.26429588,0.25530562,0.26526722,0.26642296,0.27906367,0.26491964,0.27891618,0.28029287,0.28338775,0.28510615,0.2833654,0.29271516,0.2970699,0.29773206,0.29581597,0.3079876,0.30349392,0.30970544,0.32489106,0.31936407,0.31629,0.31624654,0.31386673,0.32029003,0.31690225,0.33063024,0.33001834,0.34164774,0.32646227,0.33208618,0.3439944,0.33890924,0.34547806,0.3494724,0.348711,0.33743715,0.34651518,0.3517223,0.3471507,0.3495756,0.34451398,0.35203296,0.3522177,0.35783535,0.34149557,0.36907583,0.34120393,0.3698645,0.37403965,0.3383682,0.29899246,0.3459532,0.30746576,0.30850247,0.3062125,0.3072422,0.3081571,0.31297067,0.3293945,0.33504826,0.33089137,0.34334007,0.33667663,0.35390985,0.35068727,0.34040603,0.36150038,0.35151678,0.36343944,0.36079785,0.36294466,0.36813563,0.36540994,0.3779571,0.38819084,0.38368344,0.38875708,0.393948,0.38040352,0.38156855,0.377606,0.3722422,0.37495774,0.3821924,0.38017327,0.3843428,0.36191997,0.38220125,0.3825684,0.38420093,0.36736006,0.40585127,0.28703752,0.07323298,0.16407184,0.34104013,0.3588555,0.40805438,0.36889672,0.3487119,0.28848976,0.24716613,0.24447662,0.23986816,0.27574915,0.28954786,0.29083094,0.29071572,0.2989967,0.30797848,0.33557636,0.3213392,0.32124242,0.30928612,0.31243315,0.31067416,0.30495915,0.32190832,0.30902535,0.31411272,0.31966913,0.31360778,0.32932672,0.33825916,0.33264947,0.32815263,0.32296085,0.32856736,0.3315605,0.32991207,0.34207532,0.32964852,0.33150488,0.32577416,0.31437844,0.30958718,0.3064629,0.305476,0.30207568,0.30073634,0.2870558,0.28625584,0.29380336,0.2820088,0.28989387,0.29292285,0.29038686,0.29250544,0.31097752,0.32127085,0.33707893,0.30246744,0.26485053,0.29626486,0.22378922,0.2001883,0.17481619,0.1325855,0.08345985
Synthetic_65,0.63235515,0.3676444,4.058052e-07,synthetic,0.031371437,0.022738129,0.028725991,0.03167949,0.03579553,0.036922485,0.04572443,0.046804767,0.04985602,0.054342818,0.05866814,0.056740727,0.07524375,0.07925799,0.09026175,0.101767056,0.10818509,0.0908118,0.09318784,0.097908124,0.09641957,0.102110304,0.09756757,0.1018729,0.092431515,0.08455565,0.08164795,0.063167945,0.08181105,0.10416877,0.1583702,0.20993957,0.2647619,0.3085725,0.31679168,0.3445951,0.35372347,0.34949645,0.3493665,0.34068236,0.347769,0.37158406,0.36732417,0.37569863,0.37811562,0.39581022,0.38621524,0.40670592,0.412719,0.41536373,0.40718737,0.38846228,0.40762928,0.425198,0.41649073,0.4124509,0.39950296,0.41791645,0.40311387,0.42444712,0.3872721,0.41870847,0.4275622,0.4271917,0.43975934,0.4434302,0.46352077,0.4467533,0.4344184,0.44117606,0.46354556,0.4400898,0.46928224,0.4350114,0.4167569,0.3880666,0.3802357,0.3764764,0.38736954,0.3657961,0.34572193,0.37893578,0.3632583,0.40852106,0.39161223,0.40774262,0.40982378,0.40075,0.41995287,0.39113542,0.414071,0.3957909,0.37346163,0.3639007,0.33307895,0.32655963,0.35614565,0.28370252,0.2564626,0.21232158,0.15951696,0.14986691,0.13679023,0.118037865,0.13184914,0.12272237,0.11875147,0.12203861,0.13244659,0.13265516,0.11988642,0.16161112,0.1700795,0.16462362,0.18972617,0.181527,0.18968491,0.1749115,0.19813259,0.21884415,0.22483647,0.2235023,0.22066861,0.2297716,0.22841842,0.21307085,0.23605476,0.22855763,0.21607816,0.21350935,0.2106443,0.21461894,0.20257601,0.21482237,0.19944735,0.19361418,0.22419362,0.21340367,0.1995696,0.19439384,0.19598156,0.27065122,0.19303045,0.23445897,0.9753948,0.0038557684,0.5268055,0.022374783,0.31473422,0.2743217,0.29850462,0.29557094,0.079932235,0.04892786,0.087241195,0.071074486,0.085861295,0.079929486,0.0827582,0.07520409,0.0895183,0.09603423,0.08819087,0.09487748,0.09933805,0.1104872,0.09997206,0.09328201,0.10613407,0.07922823,0.10992589,0.09820794,0.116103195,0.09685827,0.09788921,0.11742538,0.1117664,0.119447656,0.11542363,0.12372386,0.12423674,0.13473855,0.12616578,0.112861976,0.103439525,0.09745868,0.09720913,0.11339453,0.08558047,0.08633141,0.08875328,0.08755611,0.08699857,0.084061906,0.077372335,0.08486548,0.07480744,0.0701683,0.06945691,0.07742928,0.093924984,0.10212524,0.086878635,0.052460503,0.0875395,0.064145654,0.05044945,0.054092143,0.06899555,0.0041587157
Synthetic_66,0.37563488,0.6242146,0.00015044208,synthetic,0.019583808,0.021647004,0.023397727,0.024931371,0.028045068,0.028063718,0.033159293,0.033301905,0.033154923,0.03436205,0.035128947,0.039058566,0.04025986,0.04513783,0.04836952,0.05335613,0.053997107,0.053888697,0.057292815,0.05554755,0.055561062,0.054205302,0.05491927,0.057848733,0.058865096,0.057553463,0.05600765,0.0567122,0.05860375,0.067312375,0.08670017,0.114763506,0.13022403,0.16239795,0.17484516,0.1761406,0.18996572,0.19317335,0.19663163,0.19688267,0.20746787,0.21586297,0.21423778,0.21530862,0.22157629,0.2240268,0.22534974,0.2328276,0.23254214,0.2400327,0.2343571,0.25067076,0.24181935,0.24135107,0.24410668,0.25432882,0.24481158,0.24246006,0.24765097,0.24921468,0.24873658,0.25967142,0.2592746,0.27049294,0.268713,0.2750914,0.2776396,0.27839044,0.2887416,0.28707966,0.28491426,0.2969939,0.293286,0.28654206,0.27847046,0.2708209,0.2593283,0.2569866,0.25828758,0.2549088,0.25535676,0.26088712,0.262492,0.2696442,0.26953954,0.28470722,0.28295627,0.2895486,0.300439,0.28880432,0.29589063,0.28783336,0.29220626,0.27935785,0.272195,0.26881793,0.2742951,0.28352275,0.26440895,0.2284378,0.20214087,0.17267442,0.16161953,0.13958845,0.14127065,0.13968551,0.13078684,0.13327576,0.14374168,0.14280571,0.15096024,0.14962493,0.15326457,0.15377755,0.16276191,0.16895817,0.16901848,0.17648,0.17397028,0.18410946,0.18559366,0.19329354,0.19539057,0.19840254,0.20274125,0.20333162,0.20277412,0.20066398,0.19675364,0.1937387,0.18753438,0.17581105,0.17570941,0.1806148,0.18290232,0.18444514,0.18372151,0.18362136,0.1848852,0.1831634,0.18132475,0.1737914,0.18156151,0.1692379,0.19225238,0.16621064,0.1270837,0.1414611,0.12923642,0.113704026,0.077274956,0.07964666,0.07198418,0.071908936,0.08705524,0.09590188,0.10029196,0.11032567,0.10358195,0.104844525,0.11119148,0.11488215,0.11530058,0.11275244,0.10359891,0.11185311,0.10494051,0.107536376,0.10377521,0.09874844,0.10317728,0.10381243,0.09775053,0.101631775,0.1040268,0.106739044,0.10348849,0.108714834,0.10868776,0.11667755,0.11573408,0.1170804,0.11922924,0.11573122,0.11160423,0.1024661,0.09888158,0.08593596,0.08937587,0.084298685,0.08088106,0.07816147,0.08378917,0.08376749,0.07554186,0.07775688,0.08005273,0.07821249,0.07579765,0.078762285,0.070211664,0.06964733,0.06911936,0.06826516,0.060260896,0.051854644,0.043915078,0.05510926,0.10573529,0.18088168
Synthetic_67,2.5283667e-05,0.0059913746,0.9939833,synthetic,0.07053253,0.078367,0.08793403,0.09041582,0.10038081,0.08987063,0.096065335,0.105903104,0.09142937,0.11722191,0.124339804,0.1066115,0.13340329,0.1329663,0.14519201,0.15669325,0.15429813,0.1632726,0.15803291,0.15776199,0.1637066,0.16569936,0.18849018,0.1561645,0.18875143,0.17367202,0.18180113,0.1791669,0.20913172,0.20176052,0.19437572,0.18854746,0.2249446,0.22221379,0.23018242,0.23742583,0.24876885,0.24303766,0.23270476,0.23133574,0.25452748,0.25312686,0.2663745,0.26680318,0.26385763,0.2666585,0.26908752,0.2819845,0.26842153,0.27892536,0.2692323,0.26548976,0.3041633,0.29344192,0.2813495,0.29767635,0.2809387,0.30195114,0.3010061,0.30918404,0.30793953,0.29938087,0.29626894,0.31209615,0.31742838,0.29684934,0.31583014,0.30133128,0.32876667,0.32539096,0.308377,0.32766432,0.30914074,0.33140042,0.3331966,0.33556804,0.32437983,0.3393031,0.34506658,0.3185527,0.344981,0.3514982,0.34626666,0.3626249,0.33779436,0.33921862,0.33277667,0.33978462,0.33293307,0.33668175,0.3452239,0.3477151,0.37568086,0.36219367,0.34302038,0.37337977,0.38280943,0.3718935,0.38451037,0.4270801,0.4239061,0.33393705,0.38342404,0.3995758,0.36673802,0.37703866,0.3596851,0.36415726,0.34844798,0.3470128,0.3512221,0.35416016,0.34558612,0.35506776,0.35923755,0.3574832,0.36992875,0.36024186,0.3656544,0.36553994,0.37079486,0.3654074,0.35970563,0.37594166,0.3750936,0.35467342,0.37395248,0.37816748,0.36774093,0.3901101,0.36886603,0.3730082,0.38167164,0.3722847,0.39824829,0.3722577,0.3647857,0.38576344,0.36873528,0.3866846,0.40321434,0.44560707,0.4254046,0.5098695,0.8923032,0.7750171,0.90232134,0.6491401,0.5216754,0.31179693,0.3801246,0.40490898,0.38310093,0.32730737,0.30423465,0.38353944,0.35512108,0.35118374,0.363479,0.3583546,0.332782,0.3742435,0.33687478,0.33401614,0.35493204,0.34676674,0.3514298,0.34018108,0.38013613,0.37854648,0.33821028,0.34516457,0.35215107,0.35850745,0.3392004,0.33386517,0.31900603,0.35554916,0.33137447,0.35254517,0.3423449,0.3415303,0.34822652,0.33205673,0.35364017,0.33657753,0.34761405,0.35164133,0.32020605,0.3511986,0.34234962,0.35041004,0.3470051,0.36991608,0.32590985,0.34952325,0.33266395,0.3548409,0.34951758,0.3607921,0.36312026,0.33724254,0.35833815,0.3433205,0.3318791,0.26396468,0.29162142,0.29881406,0.24640445,0.29662415
Synthetic_68,0.003035792,0.7718557,0.22510849,synthetic,0.039994176,0.047118276,0.048585754,0.05224534,0.057209775,0.054395616,0.06078659,0.06861789,0.0697582,0.07325526,0.074941576,0.0760679,0.078562886,0.080757655,0.08949304,0.08253356,0.09155253,0.098393135,0.09998667,0.09468447,0.106344916,0.10544655,0.12560353,0.118338406,0.13257647,0.121940106,0.13831127,0.15519446,0.16520074,0.16171236,0.16605662,0.15463693,0.17097078,0.17215483,0.17468113,0.17727767,0.18564306,0.1968946,0.1988393,0.19287838,0.20453893,0.2114437,0.2147406,0.21719775,0.2257601,0.23036419,0.23897044,0.23306926,0.24326883,0.24776341,0.24870527,0.25818852,0.2638821,0.25781202,0.25149345,0.27580485,0.2695097,0.2823731,0.27611306,0.27541986,0.2773464,0.27201337,0.2898531,0.29971543,0.30164465,0.30431184,0.30632654,0.31082562,0.31723633,0.31785363,0.31889173,0.328101,0.3257737,0.33238396,0.3169965,0.3245162,0.32496324,0.32648164,0.3283342,0.3389262,0.33188695,0.3298879,0.34979576,0.3367284,0.34432742,0.34259152,0.34510523,0.34994936,0.3725194,0.36469,0.36679006,0.35634562,0.35526308,0.3642724,0.3583451,0.3801873,0.32135043,0.30607823,0.3067748,0.32747698,0.29786438,0.2609688,0.250874,0.25660956,0.25278574,0.25137752,0.2484391,0.2428362,0.25586036,0.25891697,0.24707957,0.2699147,0.27573144,0.2729046,0.28108254,0.29864016,0.29115537,0.3095517,0.30846325,0.30191183,0.32985857,0.31385654,0.33794597,0.3321491,0.3403378,0.3317009,0.34154278,0.34195474,0.3369442,0.34185532,0.33376995,0.33357692,0.33120683,0.33340216,0.32720998,0.3367921,0.3301196,0.3205634,0.32183963,0.32483172,0.32766053,0.31182402,0.34127983,0.37095788,0.51542085,0.545518,0.6229181,0.5520646,0.40148,0.23765567,0.3498246,0.35790765,0.26245755,0.14867754,0.19794428,0.1876456,0.18918018,0.20626853,0.19881925,0.20329723,0.21870519,0.21328205,0.22147503,0.2467202,0.20976572,0.227718,0.20149036,0.20756865,0.20966782,0.206982,0.21044654,0.20486246,0.21144187,0.216642,0.21784663,0.23128982,0.20344526,0.22911826,0.23215716,0.23559032,0.23549916,0.24192894,0.23546843,0.2259344,0.22497644,0.2151814,0.21808681,0.19122748,0.19669366,0.2022429,0.20464903,0.18768539,0.18344404,0.18558958,0.17644033,0.19031669,0.18199593,0.19432147,0.18848655,0.19157352,0.1778313,0.17582633,0.17333972,0.18382446,0.15206517,0.1419491,0.16014022,0.112349615,0.10549771,0.12169701
Synthetic_69,0.0036784657,0.003908291,0.9924132,synthetic,0.029177524,0.032714497,0.034449108,0.0382094,0.038261507,0.0350522,0.03916496,0.041802417,0.04893151,0.050490092,0.049636193,0.053420324,0.05983296,0.05390562,0.06789884,0.06818469,0.08268279,0.08621438,0.086389035,0.08368775,0.07464449,0.091133334,0.08722519,0.082217224,0.09192266,0.080692016,0.08425896,0.080488175,0.0954411,0.09772242,0.10637241,0.11599795,0.12556069,0.12159814,0.1324639,0.13527822,0.14521536,0.14280243,0.14359361,0.14053059,0.15332913,0.15633751,0.15225248,0.15767314,0.15606044,0.14734861,0.15638235,0.16396785,0.1656573,0.17532308,0.17078225,0.18757066,0.16214924,0.18317015,0.17702562,0.18973835,0.19866176,0.17954113,0.19406177,0.19307318,0.1887066,0.17596681,0.21340328,0.21386862,0.19592229,0.20493053,0.20350137,0.20137088,0.20930068,0.20735005,0.19706982,0.20292261,0.1967398,0.21663782,0.20103584,0.21359776,0.21453752,0.21175012,0.20633234,0.20015226,0.21452458,0.22213353,0.22483982,0.22088386,0.21784672,0.20775355,0.22263528,0.22746745,0.221464,0.21049564,0.22625954,0.19305567,0.20948052,0.21192768,0.2227068,0.20697775,0.20964958,0.2156616,0.23790574,0.18794002,0.21735996,0.18814664,0.16785839,0.16422923,0.16866165,0.1684261,0.17037411,0.16708766,0.17602333,0.18267597,0.18973693,0.18787028,0.20062761,0.18664573,0.20548564,0.21237561,0.21229379,0.21991538,0.2065721,0.22952558,0.21642606,0.2222814,0.23866421,0.23786384,0.21519503,0.21460682,0.21150103,0.21376994,0.22747126,0.23082596,0.21565181,0.23091002,0.22620042,0.22304247,0.21446143,0.2278723,0.2351953,0.22180058,0.21046644,0.22379428,0.20240177,0.23322311,0.18953931,0.1893804,0.051783327,0.01854915,0.24142097,0.5637574,0.39195287,0.24180399,0.10391759,0.37433022,0.13803065,0.089697905,0.08674935,0.09633586,0.09996917,0.10830792,0.10424051,0.09978385,0.11736523,0.121562935,0.12421673,0.1386561,0.15004371,0.13815841,0.15471236,0.1769108,0.15681446,0.16202681,0.17053972,0.1735078,0.17262073,0.17894608,0.1896209,0.18299264,0.195971,0.17574152,0.18501094,0.1827298,0.18589908,0.17750467,0.18240102,0.17415722,0.18804537,0.18089527,0.17179011,0.17680463,0.17198038,0.16639978,0.1849451,0.18089609,0.15399353,0.17188579,0.15185934,0.14666645,0.14862733,0.15663338,0.14323512,0.13911287,0.12628019,0.14997903,0.14030546,0.11486146,0.10530244,0.09228857,0.0684201,0.06924335,0.13899507,0.19162828
Synthetic_70,0.49761006,0.5022386,0.00015139757,synthetic,0.021282043,0.02291846,0.023374373,0.023997776,0.027968915,0.027583925,0.030595576,0.028944857,0.03016511,0.02937344,0.028499607,0.033104748,0.036907617,0.03974609,0.04276467,0.04375102,0.0466156,0.046648253,0.05339259,0.046962153,0.045948885,0.04680154,0.045757126,0.04673645,0.04973029,0.048691466,0.04790573,0.05019651,0.048950322,0.056620616,0.06995966,0.09599325,0.10674921,0.12871274,0.14078283,0.13922125,0.14747778,0.14950149,0.15429448,0.15181158,0.1597924,0.1652701,0.1651398,0.16202195,0.16703478,0.17175396,0.17036209,0.1726707,0.17692873,0.17798845,0.17485859,0.18475229,0.1774288,0.1804119,0.18134426,0.18262324,0.1768945,0.18349853,0.18181145,0.1811684,0.18017569,0.18715985,0.19275843,0.19161248,0.18986815,0.19659553,0.20320594,0.20483707,0.20535508,0.20500639,0.21336174,0.21452309,0.21002498,0.21026799,0.20791432,0.20060332,0.19592187,0.20005727,0.19615981,0.18517594,0.1900292,0.19433928,0.20156997,0.20899683,0.20171575,0.21557353,0.20933935,0.21545857,0.22536543,0.21735488,0.21483044,0.21010166,0.21651968,0.21373627,0.208441,0.20830934,0.21366325,0.19090703,0.19856028,0.1671484,0.15644887,0.120168485,0.12126326,0.11179337,0.11294972,0.11348117,0.10680751,0.108671084,0.11779561,0.119241625,0.13244045,0.12598313,0.1286489,0.1306873,0.13531408,0.14017734,0.13774091,0.15028676,0.14281149,0.14754775,0.15060593,0.15978968,0.16532671,0.15911835,0.1636701,0.16319829,0.16526227,0.16648313,0.15965062,0.16035779,0.16035147,0.14724252,0.15072875,0.14395174,0.14870855,0.15074703,0.15330054,0.14804474,0.15242314,0.1513689,0.14541379,0.14632942,0.12920466,0.11174153,0.18326525,0.1775103,0.12542166,0.11756157,0.09935413,0.07405313,0.07155848,0.067914985,0.059352294,0.07883747,0.068854704,0.08373386,0.09050449,0.09099428,0.08914948,0.09045269,0.09653068,0.10056182,0.09856124,0.10047847,0.09209213,0.09461284,0.088139154,0.09801315,0.093084574,0.088910095,0.09063612,0.095430195,0.085659705,0.092622615,0.095608145,0.0929909,0.09584511,0.09707583,0.09563682,0.103220016,0.09882129,0.10240863,0.1058453,0.101842776,0.09721853,0.09080418,0.09004834,0.078659296,0.0799803,0.07548846,0.077773914,0.074250184,0.0763231,0.07720114,0.06757937,0.07128066,0.07653984,0.069425836,0.069502,0.073400095,0.06627817,0.06700871,0.06537342,0.064291075,0.054550957,0.043257516,0.036108803,0.050670993,0.15469922,0.21931067
Synthetic_71,0.0008657472,0.5359819,0.4631523,synthetic,0.05988945,0.06753632,0.06735328,0.072648674,0.086532526,0.07641983,0.080882564,0.082185365,0.09371714,0.09314259,0.09819986,0.101978876,0.108326405,0.10502347,0.111576535,0.111101955,0.12184746,0.1253687,0.13489924,0.12793717,0.12930915,0.1413243,0.15471187,0.13994154,0.15527572,0.14722238,0.1526135,0.16316035,0.17656459,0.17950173,0.1874286,0.18547073,0.18541852,0.20016818,0.19429544,0.20570102,0.21230687,0.21507096,0.22519694,0.22265975,0.23095085,0.24280338,0.23270372,0.23291074,0.240154,0.25308654,0.25870806,0.25795954,0.2596353,0.2674976,0.27337083,0.27983072,0.27151406,0.28709584,0.28085122,0.29561692,0.2893136,0.29996863,0.30736712,0.30541605,0.2939235,0.2985023,0.31373057,0.3308454,0.31897134,0.31480157,0.32742366,0.3267812,0.33660665,0.34285924,0.34681737,0.34279597,0.3358731,0.3433903,0.33804527,0.3526405,0.35327607,0.35480064,0.36575052,0.358927,0.35992116,0.36316338,0.36669528,0.3637909,0.36272854,0.37842223,0.36099032,0.37753397,0.3822817,0.37980628,0.37331942,0.37864763,0.3760138,0.37980923,0.38389874,0.38657835,0.37348375,0.3704955,0.42450455,0.39836484,0.3577368,0.34965613,0.35040468,0.3390706,0.33212924,0.31934702,0.33313024,0.32110333,0.3227496,0.3440786,0.34367776,0.35842198,0.34981352,0.3594688,0.35693166,0.373384,0.36421576,0.38505724,0.36178333,0.36857745,0.38946432,0.36543894,0.3944758,0.38734004,0.39051524,0.38090783,0.39365554,0.38476342,0.39138716,0.38793403,0.3867268,0.3918216,0.39115953,0.38349548,0.3825139,0.39534965,0.40019163,0.3703082,0.384246,0.38374,0.37712958,0.36413756,0.37173995,0.48119307,0.4179109,0.23688364,0.26889646,0.50938004,0.45453534,0.33120328,0.4278527,0.42047334,0.25197357,0.21272306,0.23687318,0.27623704,0.28241757,0.296997,0.28669214,0.2904398,0.3024042,0.30853486,0.30855766,0.3243644,0.3040731,0.32741898,0.30313846,0.31008852,0.31322467,0.30115065,0.30291697,0.30538425,0.3046061,0.3150345,0.32348487,0.3354257,0.31384584,0.30765203,0.32289502,0.30454493,0.31634665,0.33137283,0.31904906,0.3143842,0.31132853,0.2988234,0.29332876,0.29128605,0.2921408,0.29450858,0.29752654,0.2930162,0.27401155,0.2888382,0.27474123,0.27838978,0.27475595,0.2803379,0.2738186,0.29011124,0.2861935,0.3002655,0.2790296,0.2311484,0.25875595,0.23043558,0.18205284,0.13692278,0.25270706,0.10110093
Synthetic_72,3.7079528e-05,0.13776645,0.8621965,synthetic,0.054874875,0.060488395,0.06869254,0.07470626,0.079136364,0.076003164,0.08606896,0.08663177,0.088268004,0.09919107,0.10641008,0.09970833,0.109975696,0.1184527,0.10867845,0.11064361,0.11353511,0.12300208,0.1243187,0.12196043,0.13945809,0.14544782,0.14892186,0.13967878,0.16550298,0.15980707,0.16018641,0.16089864,0.16409974,0.1767445,0.16916043,0.17174222,0.17992501,0.18367918,0.18929286,0.2026818,0.21240391,0.21562654,0.20245591,0.21738723,0.21503782,0.2300043,0.23788604,0.2240827,0.23736516,0.23777513,0.24217294,0.25008178,0.25565472,0.24746473,0.24956888,0.25565958,0.27867988,0.268726,0.25864637,0.26888886,0.2723677,0.27401254,0.26452467,0.28250217,0.26826978,0.28778303,0.28789476,0.2924142,0.27707404,0.28355944,0.28766373,0.2888812,0.30504158,0.30071715,0.30443472,0.3028398,0.28762746,0.3149327,0.2891014,0.30624285,0.30110082,0.31730565,0.3141327,0.3040573,0.31381753,0.3088378,0.32773155,0.3203083,0.31403095,0.31616825,0.31147936,0.3237585,0.32253903,0.32549244,0.31226212,0.3186753,0.3471695,0.33476985,0.3123795,0.32737502,0.33913603,0.31202868,0.3032024,0.2969446,0.3144913,0.29851064,0.33327457,0.30850098,0.31839734,0.31796944,0.32966325,0.3155516,0.31723848,0.32539544,0.3242693,0.333772,0.32966802,0.33328965,0.33209667,0.34125713,0.33820754,0.34042364,0.34385195,0.34849417,0.35644475,0.34138852,0.3561828,0.34652352,0.34343275,0.34579432,0.3379766,0.36016345,0.34393424,0.37356636,0.34572622,0.3730518,0.3658953,0.35270688,0.3621863,0.36024612,0.3595868,0.36518073,0.34297487,0.3468506,0.3565154,0.3288743,0.32187712,0.41191974,0.5812946,0.68452424,0.33850855,0.19335864,0.2730581,0.3083205,0.5064631,0.37784508,0.3299029,0.3408829,0.28542,0.33048716,0.33009964,0.34007525,0.3355646,0.33591747,0.32893884,0.34210747,0.32938087,0.32367337,0.32928067,0.32251346,0.3284063,0.315769,0.3293371,0.32091695,0.3145895,0.32828292,0.31209487,0.32653585,0.30808666,0.30524927,0.31007293,0.32184723,0.3056079,0.31910962,0.31678766,0.30219933,0.32120937,0.31963205,0.3176817,0.31299707,0.3247459,0.29244542,0.3004077,0.30250177,0.31231228,0.30255392,0.28843546,0.31605184,0.2710053,0.30143887,0.28916374,0.3008086,0.29200146,0.2987719,0.29966196,0.29334053,0.28320956,0.2944024,0.30953857,0.27021542,0.32762358,0.18748687,0.26386902,0.3502366
Synthetic_73,3.4481796e-05,0.052105095,0.94786036,synthetic,0.04940344,0.06043247,0.061126787,0.072332956,0.08382659,0.078624465,0.086759366,0.091042556,0.090653166,0.097496286,0.11605401,0.093840875,0.10613042,0.11820369,0.10696579,0.12812181,0.12578367,0.13823234,0.14095944,0.12122944,0.14449519,0.15424934,0.16197382,0.12999813,0.17531334,0.15148388,0.16543652,0.16166942,0.18898383,0.17780073,0.17165066,0.1714089,0.1964082,0.20054813,0.19461678,0.21173143,0.21959017,0.21301244,0.20315988,0.20798206,0.21436372,0.23261622,0.22950636,0.22912407,0.23091038,0.23661523,0.23253004,0.24520923,0.24911651,0.24951077,0.2430118,0.23417164,0.28197917,0.25938183,0.25782916,0.2435175,0.2660003,0.26377237,0.26725242,0.2648702,0.27284712,0.2766569,0.26610097,0.29194686,0.28546432,0.27812248,0.29465175,0.27106962,0.2971201,0.2990275,0.29120907,0.28986445,0.26189452,0.29948953,0.3057666,0.3028421,0.31004784,0.32509756,0.3326904,0.32230306,0.31981876,0.3293703,0.34553584,0.35346165,0.32138315,0.31904992,0.305742,0.33730897,0.32442546,0.33216384,0.31518966,0.31825164,0.3664049,0.3520009,0.3169779,0.33936265,0.30457044,0.2968498,0.32511115,0.29386592,0.3480785,0.29629266,0.34940094,0.32519636,0.3314934,0.308437,0.33123028,0.32696068,0.30345163,0.31081933,0.31774315,0.32356882,0.31816733,0.33889472,0.32041812,0.33673456,0.32324624,0.35293087,0.31929442,0.3379985,0.35431182,0.34891313,0.33918697,0.35328397,0.35183814,0.33739442,0.34725654,0.35643175,0.35036492,0.37817028,0.3503715,0.36886108,0.37128675,0.3636066,0.3659393,0.34553054,0.36085927,0.3683009,0.33936673,0.3623222,0.35510114,0.33661577,0.3544747,0.38610142,0.6322297,0.9599998,0.90300167,0.40563783,0.36797926,0.3568151,0.52751416,0.60564065,0.41474438,0.32194114,0.26425064,0.33427376,0.31007305,0.3331958,0.31877834,0.31237385,0.31044677,0.35946366,0.3012663,0.3134969,0.3165261,0.32551208,0.32470176,0.32060862,0.33224756,0.32569376,0.31507453,0.32213214,0.3141532,0.34108347,0.3211887,0.3173353,0.3047925,0.31938812,0.31712896,0.31845078,0.33041713,0.3099324,0.3323545,0.31718072,0.32357714,0.3162802,0.33705577,0.30045712,0.2932887,0.31727684,0.3186773,0.32241932,0.30329984,0.34182566,0.2877465,0.32108003,0.29772592,0.3250403,0.30013505,0.3196738,0.28854024,0.2928552,0.27229768,0.2859702,0.2685337,0.25457862,0.31362474,0.22799313,0.27920622,0.40930203
Synthetic_74,0.47050464,0.5294938,1.5753313e-06,synthetic,0.023287559,0.022056632,0.025357278,0.029161911,0.029600378,0.031899784,0.033330493,0.03494943,0.036664836,0.036295626,0.04169372,0.041207924,0.048750576,0.05446574,0.06030149,0.06872313,0.06370049,0.06584985,0.0640093,0.06384925,0.061423425,0.06715024,0.060394093,0.063579,0.060302574,0.05722498,0.053403996,0.04646983,0.054013662,0.06915426,0.09310907,0.13993974,0.17299949,0.20168771,0.20889573,0.23242787,0.24336877,0.2346927,0.24446483,0.23522015,0.2523876,0.26047653,0.25016087,0.2561322,0.26744556,0.27671704,0.2598473,0.28040102,0.27570328,0.27928704,0.26903236,0.27296457,0.2803763,0.2823334,0.28308362,0.27464646,0.27873275,0.2772787,0.26909202,0.29138875,0.2740009,0.29103252,0.2871685,0.29367828,0.3003125,0.30211988,0.31025746,0.3058887,0.306646,0.31026423,0.32101658,0.3052408,0.31557474,0.31111595,0.2920731,0.27989,0.26584873,0.2645701,0.26139012,0.2551364,0.25463703,0.26500762,0.25859427,0.2828242,0.26485676,0.28164405,0.28695977,0.28468776,0.2871045,0.27840135,0.27966323,0.26844278,0.26200598,0.26664895,0.23892176,0.23238441,0.22296311,0.21355139,0.18500131,0.16909592,0.13146071,0.11752891,0.10570051,0.11102329,0.10830847,0.099595726,0.096419804,0.10374533,0.10191274,0.106843665,0.10185377,0.12299081,0.124321304,0.13186087,0.13134739,0.13321076,0.13828556,0.14553909,0.15150037,0.15666871,0.16338538,0.16207649,0.16283369,0.1719869,0.17642489,0.16697873,0.17430924,0.17589976,0.16571346,0.16395438,0.16442731,0.16380319,0.16225083,0.16960154,0.16270858,0.15591447,0.17105128,0.1587371,0.15419298,0.16308735,0.1684454,0.17244822,0.17845389,0.2213675,0.8488047,0.6148183,0.30655268,0.1048186,0.1471404,0.17771468,0.19827142,0.0877223,0.06784989,0.045040846,0.06653948,0.058077652,0.07136085,0.0709157,0.07193583,0.06475995,0.07189769,0.082206205,0.07322196,0.07974316,0.08327693,0.09064428,0.081294045,0.08747055,0.08784619,0.07581537,0.089473136,0.08680225,0.092968404,0.08612445,0.08808531,0.09362585,0.08937327,0.09686739,0.094077766,0.10007758,0.09884728,0.10991765,0.10791352,0.0994112,0.09279661,0.08399667,0.087299086,0.089139275,0.07735786,0.077895194,0.07363436,0.07613557,0.07559076,0.0729598,0.07231474,0.0700374,0.06783724,0.06332074,0.05942641,0.06426654,0.07013903,0.07290053,0.06407376,0.048968513,0.06195259,0.061069056,0.048054785,0.049163967,0.08120517,0.120863035
Synthetic_75,0.058935538,0.8827694,0.0582951,synthetic,0.024924709,0.029895058,0.03244624,0.036505982,0.041573428,0.0393445,0.045953654,0.04556336,0.049782954,0.057062045,0.060285605,0.05310638,0.067205995,0.082481846,0.07731187,0.07723734,0.0974764,0.09334011,0.09333749,0.09752361,0.08845532,0.09623804,0.09408603,0.09957995,0.11835748,0.11111794,0.11486277,0.11487661,0.11833042,0.1211763,0.122019894,0.14234531,0.14323476,0.16075924,0.15354037,0.14566517,0.15552378,0.16117679,0.16075665,0.16164927,0.15982684,0.1703216,0.17691791,0.18476135,0.17464578,0.17576145,0.20346259,0.178227,0.1874603,0.1930753,0.19438963,0.20088394,0.20079504,0.22010759,0.189167,0.21340002,0.21451515,0.20307326,0.22525829,0.21602207,0.21819314,0.22173536,0.23766285,0.23179127,0.23022108,0.23009178,0.22744992,0.23218659,0.25922444,0.25452575,0.25526986,0.25420833,0.24264072,0.24742514,0.26061636,0.26263857,0.24719477,0.27384835,0.28121027,0.26621482,0.27571383,0.2683364,0.27874362,0.2784746,0.2812988,0.27781785,0.28722188,0.27643093,0.29078624,0.27953973,0.27847067,0.28878736,0.29886955,0.29095832,0.29309177,0.29630414,0.26813793,0.24388437,0.22834048,0.2663999,0.25566766,0.28718886,0.2462645,0.22208606,0.2303813,0.23327938,0.24064784,0.22950281,0.23915116,0.24306616,0.24316977,0.24906616,0.25919628,0.24289759,0.26401278,0.25158218,0.26266134,0.28084484,0.2863302,0.2986435,0.27015972,0.2728687,0.29193428,0.31321737,0.29423934,0.30437553,0.31320792,0.31640553,0.29499757,0.30320188,0.3028883,0.29016814,0.29868656,0.2985902,0.30889034,0.30343288,0.29470122,0.30818924,0.3029141,0.30204543,0.31172562,0.26704255,0.3518076,0.32025012,0.08002064,0.084235705,0.11054224,0.058354735,0.19291249,0.018602785,0.0021866965,0.023272855,0.05461103,0.1508909,0.118111774,0.17744985,0.1896333,0.20598322,0.20855445,0.21710624,0.23033093,0.21492036,0.21318212,0.2391434,0.20896907,0.20836765,0.22126749,0.21117415,0.19985524,0.2069627,0.2024805,0.20746014,0.19962421,0.20746675,0.22905052,0.21898766,0.23563513,0.21643347,0.22906971,0.2378517,0.22778131,0.22024637,0.22627349,0.2348365,0.22755575,0.21815597,0.21116702,0.20725241,0.20906489,0.19797398,0.19864844,0.18737528,0.19841965,0.1900743,0.17205055,0.17132695,0.17083514,0.1868822,0.19575812,0.17788024,0.18968017,0.18896772,0.17156345,0.14890768,0.14504811,0.15797934,0.10392734,0.11045378,0.044711635,0.0018709565
Synthetic_76,0.0008216477,0.27016747,0.7290109,synthetic,0.06276315,0.06105912,0.067301765,0.07433291,0.07940975,0.07740422,0.08915709,0.08162157,0.095198825,0.087990366,0.098213434,0.096852645,0.10102633,0.10626827,0.09902356,0.10944577,0.11605321,0.11819373,0.12281292,0.1183074,0.12362985,0.1310538,0.12226669,0.12334379,0.14305577,0.14275067,0.13483201,0.14178368,0.14996822,0.15117171,0.1604009,0.16337469,0.16148885,0.17095011,0.18425886,0.17888252,0.19535404,0.20597854,0.20188035,0.21054111,0.21261665,0.21652974,0.2173642,0.21870357,0.22720803,0.2262602,0.229907,0.25241813,0.25529277,0.2444629,0.2520748,0.25304458,0.25518748,0.253635,0.26513484,0.2600608,0.26958123,0.27383992,0.2736757,0.28601232,0.27386945,0.28613576,0.28946915,0.29954743,0.2934842,0.3030526,0.30046317,0.2977419,0.32447672,0.31528577,0.31586552,0.31518516,0.30213153,0.31332338,0.3178853,0.31930518,0.33309636,0.3303003,0.3366046,0.33599257,0.32865775,0.33326072,0.3442476,0.33086422,0.33703738,0.3531335,0.340256,0.34777296,0.3513225,0.3538457,0.33901668,0.3483091,0.371599,0.35739297,0.35211876,0.33612242,0.35717136,0.32712582,0.3503091,0.31232682,0.32015023,0.31078243,0.32321763,0.31146723,0.32721034,0.31932938,0.33060217,0.33190963,0.32714865,0.33573765,0.34501147,0.35302046,0.358675,0.35554278,0.35673064,0.36547485,0.3478192,0.38150054,0.3510195,0.3644893,0.37622464,0.3706337,0.37550694,0.36907694,0.38156357,0.3814988,0.37134656,0.3781923,0.38364798,0.37629578,0.37646514,0.3869697,0.37785253,0.3879868,0.38375637,0.37253729,0.3864273,0.37625968,0.37296587,0.3864359,0.36681736,0.333347,0.3563373,0.25889856,0.1632135,0.3370205,0.5055979,0.11283387,0.4025157,0.29667604,0.3717355,0.34546438,0.26721218,0.30684534,0.27294952,0.3006021,0.32873595,0.34229413,0.33564046,0.33540478,0.33219522,0.36343634,0.3410023,0.34167507,0.34207854,0.32286173,0.3306756,0.33509347,0.32726952,0.32746115,0.32855022,0.34412748,0.32352883,0.35037288,0.33860105,0.35304666,0.34543785,0.33755767,0.3383426,0.33456108,0.33678907,0.3369592,0.34172246,0.34097365,0.3353139,0.32253724,0.347906,0.31733367,0.31410894,0.31436768,0.32545435,0.3244376,0.31796676,0.3215128,0.29939067,0.3081427,0.30684277,0.31276304,0.29789293,0.30341354,0.29633674,0.34782407,0.32238737,0.32218185,0.2994551,0.22347696,0.2378719,0.24405782,0.17045888,0.12648742
Synthetic_77,0.0006717708,0.67356485,0.32576334,synthetic,0.055076655,0.06299747,0.0579912,0.061087873,0.07059793,0.06336061,0.07216027,0.0753108,0.07592484,0.08107496,0.07870598,0.0838334,0.08185967,0.08668242,0.1035519,0.097141534,0.10650747,0.1148102,0.13395016,0.109126285,0.114570834,0.12114075,0.13158588,0.123575054,0.13912824,0.13355577,0.14424261,0.14947541,0.18525517,0.16313796,0.16691156,0.16375437,0.1786446,0.19739693,0.19795378,0.20063844,0.21233486,0.21792369,0.23067813,0.21378323,0.23005682,0.23432028,0.22844355,0.24179217,0.24810606,0.25709033,0.26259756,0.2397326,0.2551431,0.26097196,0.2653889,0.2852684,0.26486787,0.28214684,0.28833252,0.29839906,0.28817007,0.30170146,0.30217335,0.2933807,0.28856048,0.30108383,0.3089002,0.31791595,0.31316867,0.3125401,0.32751763,0.3148589,0.3411915,0.33077446,0.3327063,0.34146395,0.3534118,0.35624638,0.34087008,0.35846928,0.35831892,0.35476246,0.36609706,0.36803108,0.35962576,0.3654345,0.3702983,0.35225713,0.3578774,0.36010787,0.3674213,0.3735855,0.3958598,0.3752554,0.38418263,0.3650054,0.38726088,0.3968583,0.39173344,0.4155132,0.40122068,0.34672076,0.38969877,0.4086778,0.35435766,0.33305204,0.34230927,0.34805304,0.3195165,0.3241309,0.31822363,0.3084481,0.30140874,0.33124682,0.31173345,0.31369236,0.3289971,0.3190044,0.32240012,0.33999026,0.33490252,0.35929734,0.3475084,0.3469231,0.362872,0.36046025,0.3698761,0.36333308,0.37789872,0.37554005,0.37555346,0.37512496,0.37189555,0.38167515,0.37041795,0.38471583,0.36645743,0.3675412,0.3569556,0.38295004,0.38063022,0.36357895,0.37882835,0.37437072,0.38322106,0.35533535,0.3877702,0.4220172,0.36346355,0.37547457,0.5538773,0.74734885,0.66422355,0.664111,0.43211994,0.3085706,0.31296512,0.21734384,0.25871888,0.23124573,0.25273797,0.2552078,0.2508302,0.25071055,0.27732807,0.26459444,0.26851088,0.2866634,0.27698123,0.2879559,0.26343995,0.2708927,0.2756489,0.26267365,0.2635181,0.26033676,0.27224472,0.27396888,0.29314485,0.2936676,0.27733502,0.27864107,0.29361913,0.2850803,0.28364047,0.29534015,0.29531962,0.30598858,0.29668283,0.25593016,0.27993608,0.2557597,0.25755954,0.26054266,0.24748047,0.2661482,0.2443081,0.2396598,0.23563638,0.24341328,0.23400187,0.24643286,0.22955479,0.23721775,0.24636838,0.2546074,0.26451272,0.20990269,0.19142,0.21220663,0.23685801,0.13948563,0.05518183,0.05489999
Synthetic_78,0.9956226,0.0043519074,2.550156e-05,synthetic,0.01543894,0.01494062,0.014409317,0.020989535,0.018194806,0.019940233,0.01577352,0.022394441,0.01804183,0.02313398,0.024366675,0.029591948,0.040971722,0.053045593,0.06360247,0.066682555,0.07127442,0.06320927,0.04991504,0.04066812,0.044363834,0.042374242,0.042199,0.037573416,0.03852846,0.033482112,0.031006,0.025649086,0.02697154,0.044231437,0.07934215,0.15308517,0.24097285,0.33045033,0.3811934,0.45497376,0.46155927,0.4453997,0.45597696,0.4723175,0.46958253,0.4671603,0.48006237,0.48222974,0.48746774,0.49077603,0.48576254,0.48631823,0.49444845,0.50216526,0.50709474,0.49300626,0.5062808,0.5078056,0.5020913,0.48018417,0.4593834,0.47767943,0.47539258,0.46712467,0.46584266,0.4778856,0.48152587,0.5049369,0.5048739,0.50212723,0.50292975,0.5042903,0.5206927,0.5201949,0.51103604,0.5187446,0.53837246,0.5019618,0.46559158,0.4521132,0.43060538,0.4210093,0.4043039,0.44111505,0.44195536,0.42571437,0.44239923,0.42183578,0.42686477,0.43713734,0.47599378,0.4387956,0.43750778,0.43300557,0.4405428,0.41001338,0.3890568,0.3778274,0.35877874,0.36208126,0.39884034,0.37567872,0.40125334,0.34666792,0.34777606,0.259322,0.14421779,0.13113947,0.11094725,0.0950173,0.08688919,0.10577034,0.10793764,0.10785319,0.1137208,0.13507779,0.13542634,0.1609267,0.15928231,0.1616403,0.18389483,0.18756823,0.21338539,0.20012332,0.22543445,0.22721022,0.22629477,0.26119697,0.22137764,0.2300944,0.24005616,0.24151497,0.2273193,0.24524847,0.246989,0.24722141,0.24872237,0.23214719,0.22110695,0.21334553,0.2087346,0.19310817,0.1957795,0.1977437,0.1783448,0.21401122,0.14053091,0.21906626,0.16194697,0.3463318,0.14294772,0.0033850777,0.0749387,0.06966159,0.013700878,0.067031175,0.040105212,0.014438561,0.022116985,0.024585938,0.023434421,0.025998006,0.030407123,0.030767534,0.03847833,0.04150837,0.050516002,0.049553044,0.053285558,0.055852953,0.065452084,0.07419838,0.065332994,0.07723804,0.08044577,0.07505676,0.08654524,0.09118222,0.085104875,0.09477214,0.08127401,0.101193376,0.09176216,0.10039249,0.09932892,0.11275376,0.101251684,0.101225086,0.09886425,0.09524936,0.08651585,0.09078015,0.0961974,0.084336735,0.07749398,0.07553573,0.06277539,0.06613073,0.058456507,0.053411394,0.053786226,0.05448457,0.043994766,0.0411258,0.04366035,0.037328154,0.026458472,0.02991895,0.02270556,0.022661433,0.023907594,0.021523932,0.029379696,0.090678304
Synthetic_79,0.044074822,0.2086998,0.7472254,synthetic,0.049063366,0.049581572,0.055254754,0.059821084,0.06621571,0.067422636,0.07559247,0.075957105,0.075527504,0.08292975,0.09159936,0.09552913,0.109068446,0.103059046,0.11521598,0.12641147,0.13930258,0.14000724,0.13228044,0.15379626,0.14725587,0.16140756,0.16656789,0.16160809,0.16995044,0.16266109,0.16457485,0.16193743,0.18336593,0.18485163,0.18867406,0.20073995,0.1993443,0.21622042,0.22234182,0.21740703,0.2407966,0.2285678,0.23751613,0.25207332,0.25013912,0.2482201,0.24125472,0.24477346,0.26061147,0.25464085,0.2552756,0.2731255,0.2672041,0.2712306,0.26907927,0.28662717,0.26904345,0.27811614,0.27968714,0.28410295,0.29231888,0.28516978,0.29109055,0.29963133,0.2956361,0.29265228,0.3020757,0.30797607,0.3042565,0.3127439,0.31579354,0.3023299,0.31446737,0.32626686,0.3162153,0.3274499,0.33129272,0.31530693,0.31594,0.3294161,0.32922995,0.3230868,0.32111782,0.33948377,0.33369586,0.33941835,0.3347364,0.3348702,0.33958864,0.3354782,0.33985686,0.3497275,0.34503514,0.35849744,0.35465547,0.34766686,0.34291586,0.3472626,0.36056346,0.34576508,0.33762836,0.34499902,0.3098709,0.34024835,0.31716987,0.31932917,0.30152658,0.29437584,0.29186216,0.28514197,0.30085382,0.28662983,0.2943789,0.3094377,0.31609565,0.32204586,0.3197325,0.3096787,0.32280692,0.3314346,0.33277673,0.3374375,0.30925128,0.34794515,0.35403505,0.34599587,0.3494963,0.3353207,0.3565367,0.34509578,0.36077026,0.35192648,0.3584343,0.3446741,0.3547933,0.34546325,0.35536504,0.3389211,0.3422736,0.34417585,0.36034748,0.3431257,0.3433554,0.35223022,0.3482268,0.3347238,0.35243776,0.3482882,0.22993097,0.0841318,0.096694194,0.021223621,0.33631548,0.39170197,0.11720425,0.12032797,0.13870922,0.17523743,0.18059804,0.20750026,0.21941854,0.21419257,0.22329178,0.22908603,0.25002557,0.25201166,0.25018665,0.26769298,0.26521486,0.2867157,0.28325453,0.29826367,0.29052445,0.28009653,0.30020714,0.30785888,0.29112566,0.2875529,0.32108647,0.30682123,0.30676338,0.29899058,0.2991285,0.2872782,0.30327418,0.3108395,0.31177834,0.28976515,0.2922172,0.30187607,0.28320172,0.298905,0.2770519,0.29516414,0.2949606,0.300665,0.2696186,0.28080368,0.25549135,0.2647586,0.27138,0.26130992,0.25656033,0.26013473,0.2525264,0.23156707,0.22530179,0.18636598,0.16874103,0.1374636,0.13370028,0.22373717,0.29876783,0.21628238
Synthetic_80,0.3446683,0.6553115,2.0244033e-05,synthetic,0.023971308,0.026720298,0.025546676,0.030368023,0.03443793,0.030856106,0.034802932,0.03305821,0.035428178,0.035076454,0.03420963,0.036176976,0.041925263,0.043948192,0.045624267,0.051620748,0.045469202,0.04748132,0.047759168,0.04860157,0.044913087,0.050565857,0.045196984,0.048436113,0.048042834,0.05170413,0.052510418,0.046882264,0.044671465,0.058892407,0.06991429,0.0819539,0.10454303,0.12486453,0.12959625,0.13247758,0.14162317,0.13772215,0.14807498,0.15009102,0.15247384,0.15566766,0.15351349,0.16930807,0.15892799,0.18303116,0.17230007,0.1622417,0.16964746,0.18204783,0.16125496,0.18192747,0.17224686,0.18287033,0.17908087,0.1740402,0.18296537,0.17595726,0.18180703,0.1805089,0.18907693,0.19048257,0.18765958,0.19371413,0.22257002,0.20053545,0.20431605,0.20695654,0.22218533,0.22167112,0.21847582,0.21137981,0.22246397,0.21170613,0.20283413,0.21815644,0.19002968,0.20825885,0.19243458,0.21539196,0.21097884,0.22821862,0.20052214,0.21891369,0.2083991,0.2082908,0.22000709,0.2199495,0.2246175,0.22904377,0.23031524,0.20959003,0.2132699,0.22509544,0.2022999,0.18843274,0.18507962,0.21150598,0.15798031,0.17617893,0.12069116,0.14085706,0.13250758,0.12556893,0.11301063,0.12017413,0.12068613,0.11682447,0.124018095,0.13486132,0.12599252,0.13367999,0.137087,0.1435134,0.14132224,0.14002419,0.14960226,0.14960994,0.15781252,0.16450769,0.15008686,0.16641626,0.17942853,0.16614023,0.17249428,0.17467706,0.17837122,0.16983533,0.17192656,0.17419218,0.16890863,0.1735595,0.16791363,0.1782327,0.16571505,0.16387352,0.16398016,0.15471675,0.16009727,0.15887418,0.15282206,0.13913158,0.17244664,0.48426396,0.54456633,0.008545567,0.2670951,0.9214337,0.45329803,0.4812299,0.11633869,0.24327193,0.13225584,0.07862276,0.06844009,0.08650789,0.09874071,0.08578939,0.097737685,0.09252939,0.09284415,0.10685429,0.09531603,0.10174694,0.114017606,0.114023454,0.10785764,0.10606621,0.10876202,0.097577795,0.104973145,0.11823366,0.098288,0.10610541,0.11049242,0.107362054,0.106557555,0.111465424,0.112085216,0.11836902,0.105164036,0.118184656,0.12917888,0.11574187,0.11001827,0.100671254,0.0964582,0.10758213,0.092374176,0.095826454,0.07814732,0.087520644,0.093814604,0.101745404,0.08886994,0.08518246,0.08286535,0.08626045,0.0778766,0.07160198,0.07710214,0.07052313,0.07664357,0.06744462,0.050911836,0.06196398,0.083705164,0.10741725,0.14490516,0.2754011
Synthetic_81,0.00014577882,0.98579836,0.014055927,synthetic,0.06026,0.056010522,0.06908016,0.062078007,0.06735644,0.06666298,0.0770952,0.07929535,0.076784596,0.083063506,0.09263757,0.08723358,0.09547207,0.0950273,0.10534549,0.11498502,0.11363068,0.114150405,0.12674585,0.1141182,0.122932374,0.12698545,0.13777182,0.12493704,0.14481474,0.13137777,0.12243824,0.14232746,0.15184861,0.16466306,0.17023745,0.16352193,0.18219377,0.18103011,0.17517067,0.17708638,0.18261869,0.187509,0.19055703,0.19465928,0.20268303,0.19546191,0.22588529,0.21151236,0.21853207,0.22744839,0.23232333,0.22574423,0.22688293,0.22440678,0.23542486,0.23795892,0.25456977,0.24819964,0.25214303,0.26765105,0.27312648,0.27454558,0.2767095,0.28430194,0.28549215,0.27662396,0.29847476,0.28200462,0.28953993,0.2863078,0.28380704,0.29557282,0.32056543,0.30881968,0.30846578,0.33381203,0.33515325,0.34168363,0.3321447,0.3440164,0.3285036,0.3354617,0.3468409,0.3472684,0.3494444,0.34918523,0.3501152,0.34859285,0.35956332,0.35773885,0.36799398,0.35449687,0.36699176,0.3522413,0.38181663,0.3890757,0.40667465,0.39379615,0.38401324,0.39563882,0.3966666,0.4075904,0.44360924,0.4141011,0.4335837,0.40811607,0.42726234,0.40052038,0.36846724,0.37953642,0.3713612,0.34451443,0.35321298,0.37115943,0.3465432,0.36798978,0.37629026,0.38717285,0.35239717,0.38105565,0.36945564,0.37736407,0.3894359,0.40270206,0.39505678,0.38203588,0.38936472,0.3959222,0.40065342,0.40230006,0.41548577,0.41886812,0.40267232,0.40471572,0.39618358,0.41753563,0.3818324,0.4052545,0.40763587,0.41108945,0.3991847,0.40642202,0.42323503,0.42962322,0.44411847,0.44352326,0.48402765,0.4914048,0.90281177,0.66266686,0.62092006,0.3132189,0.33668193,0.51970625,0.5029537,0.45892555,0.41459924,0.3683624,0.34865662,0.35291693,0.36668074,0.3746778,0.35875183,0.391313,0.3670342,0.3663424,0.35581592,0.335951,0.3557723,0.31951022,0.301322,0.30787,0.3233712,0.28512433,0.30292258,0.30703598,0.30905187,0.31523368,0.29954216,0.31643358,0.2963363,0.3347221,0.30592966,0.3171357,0.3245258,0.32790712,0.3465439,0.2947184,0.31934375,0.30963814,0.28802556,0.31368497,0.27832586,0.2855337,0.28326273,0.27963668,0.27913633,0.28611687,0.27039808,0.2754967,0.2857126,0.3091728,0.28700688,0.2972365,0.29202682,0.26075745,0.3022072,0.2934259,0.2764647,0.25735483,0.27152073,0.2648361,0.16473739,0.15248375
Synthetic_82,0.7567798,0.08117879,0.16204144,synthetic,0.019313695,0.022000145,0.023694467,0.028124275,0.02496241,0.030717345,0.02378238,0.034052696,0.029607132,0.035825223,0.038944416,0.04246294,0.057103198,0.074904956,0.08201945,0.08320331,0.07778784,0.07968788,0.08034771,0.071545795,0.0837126,0.07713103,0.072555885,0.07345257,0.07647796,0.06764237,0.07390991,0.059400912,0.058519438,0.08028212,0.12846342,0.18047543,0.23663788,0.26582465,0.27263123,0.29752177,0.29589158,0.3007877,0.3228125,0.325327,0.30714625,0.32533634,0.33126453,0.32957947,0.32896283,0.33372712,0.34533042,0.33619562,0.34747326,0.34447116,0.36134076,0.34294468,0.37077883,0.37148604,0.36371282,0.3487713,0.35664147,0.37689036,0.35538656,0.35469958,0.33538252,0.3742213,0.35613623,0.3563252,0.37199852,0.3690598,0.36647755,0.3769498,0.3688412,0.38973162,0.39935985,0.3806222,0.39418468,0.3846715,0.38488504,0.3718822,0.36236423,0.36687145,0.3641907,0.3779509,0.36827978,0.35999933,0.37723622,0.3739174,0.37802026,0.37582585,0.3928598,0.37435552,0.3770795,0.36796352,0.38513264,0.35797662,0.3503523,0.34598973,0.33401933,0.3409202,0.35035026,0.33462963,0.36439463,0.33986124,0.33937874,0.2708557,0.19607519,0.16501251,0.15198925,0.14426164,0.13814217,0.15218145,0.15799159,0.14658363,0.16402967,0.16915475,0.18013458,0.19623995,0.20025592,0.19974156,0.2141182,0.23455378,0.24230942,0.23743767,0.24725272,0.25699526,0.24578533,0.26658666,0.26642492,0.25772944,0.254136,0.25981387,0.25317705,0.2687947,0.27042642,0.25284666,0.27059853,0.2538653,0.2470928,0.23736198,0.2426046,0.21922079,0.21787374,0.21425614,0.21447667,0.20526963,0.09164182,0.030257408,0.15343522,0.20507793,0.04948716,0.007870695,0.007873126,0.050779827,0.041322574,0.05634643,0.10679166,0.023126395,0.04027151,0.04769453,0.056553274,0.06309407,0.06997811,0.07294774,0.077688895,0.08582004,0.09452885,0.094346,0.09943315,0.10290853,0.112257145,0.12316635,0.116705365,0.12168846,0.12428649,0.12705262,0.12679301,0.14609712,0.13219658,0.13993199,0.12815864,0.13887532,0.13310897,0.13808066,0.1416755,0.15026276,0.15061647,0.14749555,0.13682698,0.1461574,0.13282205,0.13166557,0.13000803,0.12640744,0.114292264,0.10775498,0.103855245,0.10844491,0.09930092,0.094764076,0.09043897,0.08513051,0.081162,0.06713323,0.06685392,0.06205437,0.047356773,0.05559145,0.03465355,0.026416363,0.042421687,0.026084034,0.011819356,0.09709191
Synthetic_83,0.3397895,0.008447551,0.6517629,synthetic,0.0256105,0.028379079,0.034195077,0.03732957,0.038347762,0.043878812,0.04638376,0.04910766,0.05319988,0.0537754,0.056447227,0.06471417,0.08734299,0.09237121,0.10556072,0.11638019,0.12536302,0.11052503,0.12215048,0.11868325,0.10130461,0.11895287,0.110693485,0.112627596,0.10873338,0.10340168,0.11564397,0.10593681,0.090790145,0.12620659,0.14575513,0.17516977,0.23092446,0.26045844,0.27327105,0.28909016,0.2913431,0.28800884,0.30552363,0.3065879,0.30039012,0.29640755,0.32467678,0.30866805,0.30425513,0.29659817,0.31402898,0.3099354,0.299226,0.32741582,0.30639187,0.29932746,0.31501037,0.31700614,0.3131182,0.3029601,0.30652243,0.32231537,0.30761296,0.31442946,0.30618364,0.30189928,0.31809026,0.3113133,0.3365832,0.31276712,0.32500893,0.32854596,0.31444836,0.32136664,0.321137,0.33684438,0.31986573,0.32992283,0.3455979,0.32216138,0.320638,0.3225493,0.32740894,0.3147819,0.30787954,0.30708665,0.33643687,0.3619139,0.34754613,0.32652518,0.33944708,0.34958953,0.33982763,0.321432,0.32625112,0.31814018,0.3056085,0.31900913,0.3005094,0.29871798,0.2931489,0.27166164,0.28769213,0.2509421,0.28258502,0.23482412,0.183877,0.1768003,0.17442383,0.1566276,0.15190022,0.16130109,0.17038581,0.1633188,0.18171977,0.19421224,0.19925718,0.20355755,0.2060765,0.21376832,0.23069395,0.23144837,0.24215865,0.24084239,0.24608755,0.26148647,0.28992227,0.2616783,0.25853923,0.25832596,0.26147702,0.26300418,0.26535842,0.26416212,0.26722297,0.26857412,0.26518178,0.25275397,0.24340098,0.23204745,0.24605975,0.2379973,0.22984205,0.22392133,0.21920761,0.24529502,0.16502924,0.12730089,0.092987925,0.047792584,0.033668272,0.09708098,0.102363385,0.011028394,0.00924502,0.14686877,0.49520943,0.24519017,0.07512377,0.09385955,0.09979927,0.09436273,0.10029,0.09538219,0.11798217,0.12850855,0.12928739,0.1333124,0.11905491,0.1326399,0.13329029,0.13715202,0.14868143,0.1369858,0.14395182,0.15884371,0.14929226,0.14523798,0.15997273,0.16066027,0.17791589,0.16553807,0.16869776,0.1881927,0.17937052,0.1790487,0.17873856,0.17703809,0.17133279,0.18537748,0.17322554,0.17937158,0.16401021,0.15347685,0.16164765,0.15212493,0.13884428,0.13800284,0.13378243,0.14085516,0.13176104,0.13293605,0.13069522,0.12465198,0.13255617,0.15436941,0.13176936,0.10451826,0.15874074,0.10971802,0.12582974,0.14063597,0.1696627,0.005194644
Synthetic_84,0.58426994,0.41572976,2.6517972e-07,synthetic,0.020230839,0.021861192,0.027369259,0.031047245,0.034381993,0.03472939,0.04534604,0.04817584,0.04767856,0.045439277,0.053532284,0.057687037,0.06328746,0.064901866,0.0768008,0.084169224,0.075804345,0.08271255,0.08526877,0.08058558,0.08078127,0.08159966,0.07769999,0.090446986,0.0862092,0.078409016,0.07070795,0.06682645,0.071560666,0.0944222,0.12757793,0.18185036,0.22909299,0.25781366,0.28833106,0.32228127,0.34549537,0.34467876,0.3534759,0.35717574,0.37499195,0.37788534,0.38639113,0.3723029,0.37967467,0.3950863,0.38560757,0.4113552,0.4171383,0.41679657,0.41714388,0.40929294,0.42250413,0.41010097,0.41081607,0.38935775,0.40138924,0.38633168,0.38566312,0.41857466,0.40854007,0.41967046,0.42265642,0.44835255,0.43309018,0.44346544,0.4555792,0.46799678,0.47793654,0.4483676,0.46530816,0.4626477,0.4575411,0.4374081,0.42684436,0.39909256,0.3687421,0.36997828,0.35799125,0.34844568,0.355602,0.3674512,0.37404227,0.39842537,0.39010683,0.40969175,0.40985888,0.41589347,0.40631858,0.40162453,0.37563124,0.37434936,0.3682503,0.36091402,0.32423937,0.3098256,0.30360743,0.2842175,0.24902877,0.21049225,0.17171991,0.14124921,0.14155757,0.1281558,0.1207063,0.11695626,0.105005205,0.11485863,0.11607104,0.11470171,0.12869224,0.13782416,0.13913421,0.16286968,0.1444566,0.15064353,0.15162423,0.16563745,0.17107506,0.17965616,0.17661898,0.1737934,0.17607634,0.18575719,0.19556989,0.19772916,0.20206432,0.19978967,0.19536711,0.1881707,0.1855089,0.1783713,0.17262228,0.17415498,0.17788771,0.17212115,0.17279148,0.17698011,0.17663617,0.17768145,0.1646941,0.16889325,0.18385234,0.23964734,0.29655716,0.44615337,0.20513216,0.27904388,0.14336462,0.13408291,0.11271307,0.09334206,0.063179515,0.06669782,0.0792999,0.070951745,0.07081906,0.08820644,0.08059316,0.077329345,0.079563715,0.09192778,0.08663859,0.08827014,0.08625443,0.08743396,0.08479086,0.08516363,0.086061314,0.080417834,0.09035184,0.08719342,0.08513998,0.08973731,0.08271516,0.09640298,0.09331002,0.09944395,0.09190474,0.10165264,0.10497877,0.09974135,0.09846788,0.10494394,0.09423306,0.08800783,0.093357734,0.079165824,0.07588939,0.07864194,0.07036042,0.06747739,0.07188532,0.07293151,0.06446225,0.06903574,0.06991979,0.06791668,0.059101254,0.06915882,0.0678501,0.060930613,0.0573492,0.056232803,0.07952519,0.113911934,0.073662214,0.08117457,0.25465918,0.27027136
Synthetic_85,0.010585411,0.2711988,0.71821576,synthetic,0.08549925,0.07656693,0.08796557,0.09396954,0.096096,0.1021668,0.11289732,0.10913748,0.10853777,0.12218434,0.13585691,0.13695939,0.15026042,0.1508318,0.16645913,0.16772485,0.16577642,0.1776365,0.16785453,0.18639989,0.19511099,0.19030713,0.19727634,0.20002927,0.21078952,0.21223782,0.20626748,0.2000729,0.2173638,0.22094974,0.24633065,0.26183265,0.25919563,0.2709054,0.27943313,0.2701621,0.28917983,0.28465495,0.29173592,0.2977601,0.30566534,0.3089444,0.32034186,0.32121012,0.31827044,0.32684997,0.32959065,0.34235024,0.34938577,0.33571047,0.34506103,0.34762272,0.3448493,0.35698083,0.3683921,0.36789772,0.36758897,0.37311646,0.38235256,0.3853,0.38557988,0.39602533,0.38637406,0.40107313,0.39704204,0.40704626,0.39497888,0.40027392,0.41843218,0.4323731,0.40923002,0.42230296,0.43187124,0.42068303,0.44938284,0.43521956,0.42253596,0.4261598,0.4206159,0.43499014,0.43932822,0.44223234,0.42259768,0.43638346,0.44945675,0.45684624,0.440303,0.44321764,0.46451193,0.46971604,0.45614913,0.46469525,0.4598753,0.4620507,0.47704363,0.46030802,0.4816255,0.4733706,0.51429665,0.47666153,0.47110072,0.44866073,0.42126557,0.42532057,0.4264516,0.42425075,0.4226157,0.4267744,0.44173142,0.43320474,0.42684087,0.4362167,0.45307082,0.44086185,0.43832365,0.443287,0.45608607,0.45228922,0.45804048,0.4721955,0.4595305,0.46498054,0.45751086,0.4754685,0.48041093,0.47833955,0.47767624,0.48395893,0.47838983,0.47209293,0.4677811,0.4733496,0.4729374,0.4732875,0.48824593,0.47070768,0.4819086,0.4624116,0.48204234,0.49013123,0.48623845,0.48824012,0.5224382,0.3658727,0.22870137,0.13298403,0.25304914,0.022738028,0.33375373,0.63365304,0.39787632,0.37246153,0.4031515,0.37257317,0.35453284,0.38254216,0.411002,0.39841124,0.40689495,0.40318367,0.40293148,0.42340866,0.45141608,0.4138169,0.43844098,0.4142925,0.42197755,0.42455512,0.4437813,0.4225552,0.43297377,0.4281606,0.42520297,0.431581,0.4311626,0.4436354,0.42399162,0.4330122,0.41787755,0.41094556,0.42939666,0.43337584,0.4245779,0.42089596,0.4232142,0.42485556,0.41831988,0.42222744,0.40158546,0.4043374,0.40118217,0.40905988,0.40729794,0.39439,0.38445178,0.40960857,0.40602902,0.4153797,0.38323918,0.37855396,0.39985812,0.39387536,0.3768444,0.40583768,0.4013858,0.32636687,0.3320743,0.35922927,0.26781836,0.08378251
Synthetic_86,0.025660723,0.83444226,0.13989702,synthetic,0.05329294,0.054541674,0.0611792,0.061171398,0.06727446,0.06881044,0.07972302,0.079920195,0.079932466,0.08857699,0.09519509,0.10286359,0.10791154,0.113871954,0.11998976,0.12872474,0.13887,0.14006937,0.1465561,0.15062845,0.14916399,0.14768702,0.15406525,0.15615273,0.1587858,0.1631353,0.15915884,0.16932727,0.1772877,0.1768516,0.19513935,0.2069099,0.20843516,0.22401138,0.22870012,0.21697928,0.22452253,0.23742618,0.24917601,0.24600846,0.25018996,0.2537144,0.25409204,0.25258955,0.2535976,0.27117494,0.2701763,0.26740026,0.2811567,0.2730994,0.2773514,0.29305014,0.28140828,0.28918055,0.29531997,0.31271186,0.30116928,0.29734418,0.30365247,0.3122132,0.30951852,0.32038912,0.31107923,0.32957265,0.32203445,0.32904136,0.32381007,0.3262921,0.3383856,0.347863,0.33224478,0.33922446,0.3487035,0.3373189,0.34158328,0.3363889,0.3413882,0.34559667,0.3496772,0.34311098,0.34903187,0.35806656,0.34274882,0.35063183,0.36287558,0.3634343,0.3500748,0.35845006,0.36018848,0.36304137,0.3670918,0.36580756,0.37117013,0.3689023,0.37940904,0.36307794,0.38491654,0.38414535,0.37342113,0.39909172,0.38114595,0.35651368,0.37583762,0.32615674,0.32474023,0.32392094,0.33134997,0.31635636,0.33265126,0.33383867,0.32994387,0.32772484,0.3557748,0.3328633,0.35081214,0.34560564,0.3474388,0.35013005,0.35782057,0.36744413,0.361861,0.3672962,0.3675248,0.37277392,0.38390267,0.38768768,0.385557,0.39817828,0.39721859,0.37630442,0.38153496,0.38145766,0.37533608,0.38100255,0.39405403,0.37959814,0.38290444,0.37465158,0.3926805,0.38800833,0.3964801,0.3663727,0.43768808,0.2772645,0.055750236,0.04794355,0.29440972,0.07411532,0.26894772,0.46888915,0.24066752,0.20143946,0.31258416,0.24853736,0.26703936,0.27803618,0.2991839,0.2944738,0.302779,0.2985583,0.305938,0.3298166,0.3149085,0.31166092,0.30923983,0.3134661,0.3101484,0.2924781,0.3222415,0.29304403,0.30566826,0.30617136,0.3093836,0.3125338,0.32376832,0.33280352,0.31919393,0.3173773,0.3199947,0.3131713,0.3205842,0.33612633,0.32405353,0.3206484,0.32059842,0.31798023,0.29871026,0.31280962,0.29592758,0.30739456,0.28936037,0.27954268,0.2817769,0.2748422,0.272035,0.28963283,0.2938332,0.28201285,0.27420875,0.28433836,0.2782593,0.29098067,0.27422637,0.28460282,0.2676513,0.1546735,0.14203426,0.13069575,0.086084016,0.04750139
Synthetic_87,0.0010054421,0.75421405,0.24478044,synthetic,0.053028446,0.055530753,0.061685223,0.06703292,0.06852076,0.0699711,0.080958754,0.07797668,0.08330398,0.0863429,0.09336587,0.099397734,0.10110333,0.106858544,0.103883296,0.11334876,0.117006294,0.11968362,0.12468611,0.12509228,0.12765755,0.13048686,0.13822359,0.14052382,0.14895321,0.15054177,0.15007026,0.15147853,0.16077127,0.16950284,0.17156631,0.17854367,0.17420715,0.1864717,0.19560711,0.1919981,0.20333934,0.2080828,0.2057759,0.2222089,0.21593966,0.22594239,0.23585151,0.22668722,0.23350434,0.23885885,0.25369754,0.2468268,0.25763115,0.24625565,0.25463945,0.2679683,0.26270878,0.27489623,0.27282944,0.28302222,0.29006803,0.28467286,0.28621906,0.29584143,0.2875594,0.29544052,0.30465308,0.307064,0.2995832,0.30655238,0.30131313,0.30631283,0.3173914,0.31584224,0.31895137,0.32340777,0.33265316,0.33458528,0.33075777,0.33332938,0.33557886,0.33400127,0.33798745,0.3396159,0.34414098,0.34533173,0.34774265,0.3520645,0.35280418,0.3493247,0.35050374,0.3479119,0.35660896,0.34500802,0.36191985,0.35853282,0.37256867,0.36829785,0.37623864,0.3665163,0.4099637,0.39635116,0.4215931,0.42026925,0.40383542,0.3752366,0.3932363,0.35393047,0.35720617,0.36303335,0.36332685,0.34998378,0.36542866,0.36208802,0.36737993,0.3618603,0.3744009,0.36302704,0.3659311,0.3681224,0.37079754,0.36979508,0.37750092,0.38742206,0.374434,0.38097417,0.3846717,0.3817474,0.3848255,0.39217553,0.38670546,0.39752683,0.3972067,0.3974031,0.3891961,0.3955316,0.3832623,0.3901921,0.39844796,0.39610782,0.38968366,0.3920341,0.40279922,0.40743497,0.4047415,0.38582653,0.44556075,0.42735496,0.20137501,0.18435822,0.24306081,0.043044567,0.3290747,0.46179414,0.5873343,0.4280992,0.33631784,0.36458403,0.30900794,0.33527607,0.34822074,0.34849867,0.34472692,0.36513376,0.35728094,0.35598022,0.36045116,0.35409862,0.35470468,0.3186094,0.33279064,0.32724157,0.32730642,0.31283545,0.32605276,0.3316675,0.32194018,0.3313688,0.3221693,0.32991093,0.3214531,0.33858308,0.32592538,0.33702865,0.33026344,0.33130935,0.33999473,0.31923673,0.3264694,0.32474977,0.31439912,0.31545544,0.3045427,0.30233702,0.3036632,0.29852632,0.29280955,0.29203027,0.27862027,0.29668882,0.2959018,0.30786985,0.29169512,0.29503742,0.29730222,0.31466836,0.31859022,0.29630768,0.28482485,0.2343905,0.26075265,0.19650437,0.21765625,0.1341856
Synthetic_88,0.03174272,0.027914753,0.94034255,synthetic,0.040619053,0.04182134,0.04906537,0.045285344,0.053891957,0.059550613,0.06106058,0.062557004,0.066331744,0.07630434,0.079012625,0.079751424,0.090830386,0.08346477,0.108428,0.102021486,0.11480323,0.12046562,0.12610877,0.13708575,0.13793889,0.14484093,0.14935784,0.14441724,0.15079316,0.14899212,0.15584332,0.1528568,0.161479,0.17084211,0.18517877,0.1769291,0.19655755,0.19799452,0.20049864,0.1948916,0.20806004,0.20213102,0.21247709,0.21571168,0.22782311,0.2229233,0.21934758,0.22304823,0.23289387,0.22177896,0.2282404,0.22447081,0.22181554,0.23319739,0.23055826,0.24333872,0.23047714,0.24207513,0.24865752,0.25463143,0.24615468,0.2697434,0.2526765,0.24378175,0.24930522,0.25258926,0.26318496,0.2589571,0.26858288,0.2672703,0.26454175,0.2623907,0.26714113,0.28498346,0.2685492,0.26435733,0.28224427,0.27410823,0.28572932,0.27936304,0.28690726,0.27601856,0.28025487,0.29584342,0.27898863,0.29174602,0.28953305,0.29768172,0.29678017,0.29044655,0.29947996,0.3017454,0.3068526,0.2937137,0.30384362,0.30161798,0.30386534,0.30973876,0.31141615,0.31132707,0.29252148,0.304792,0.29929972,0.29997376,0.2781131,0.26160532,0.24508435,0.25420377,0.24698435,0.25802338,0.24843554,0.25546315,0.26152328,0.2619715,0.27067038,0.26809275,0.26387307,0.2756216,0.28019792,0.29384586,0.2929906,0.29319996,0.2795823,0.3120313,0.30369857,0.30755648,0.32404223,0.3011642,0.31093618,0.30199113,0.31075376,0.31481987,0.31587023,0.320622,0.30813256,0.29995713,0.3132576,0.29270965,0.30074668,0.30762395,0.32430905,0.3031566,0.31317666,0.31444445,0.31390533,0.32427746,0.290994,0.2825491,0.23116663,0.1298158,0.16260993,0.23206411,0.32299387,0.35919812,0.34298363,0.25070658,0.18646972,0.19864866,0.13848989,0.17660652,0.19541486,0.18372317,0.18395483,0.19052684,0.21362986,0.21781573,0.21714078,0.23847288,0.23788923,0.26057142,0.24743557,0.26458007,0.27512333,0.277636,0.26933962,0.27734867,0.26308697,0.27320877,0.29243928,0.27946797,0.29187667,0.27296236,0.2624035,0.26850712,0.27909404,0.28071192,0.27447915,0.27587146,0.26832283,0.2827842,0.25820234,0.26829976,0.24848184,0.25696126,0.27157754,0.27025363,0.25312328,0.24525392,0.24961163,0.25222147,0.25832316,0.25650227,0.25510216,0.2523961,0.22704205,0.2172633,0.2155234,0.18035409,0.1866996,0.19913262,0.17374142,0.11326677,0.12488199,0.08686371
Synthetic_89,0.0006086879,0.90604025,0.09335106,synthetic,0.057779957,0.060950518,0.06757718,0.07302882,0.07869733,0.07480558,0.082024425,0.08046906,0.0922571,0.096676916,0.10175771,0.10024886,0.105972774,0.101939216,0.10935402,0.11574203,0.11977751,0.11758669,0.12975788,0.12552485,0.13506739,0.14044224,0.14751816,0.14368531,0.15643975,0.14991826,0.16018207,0.15774225,0.17230965,0.17911054,0.18046081,0.17812304,0.18794008,0.19114555,0.19813065,0.21345775,0.21479675,0.22300562,0.22201277,0.23239149,0.23657468,0.23252626,0.24940154,0.24369897,0.2534977,0.25700334,0.2644001,0.25748748,0.26519704,0.25843522,0.27767944,0.28410366,0.27946016,0.2835905,0.27986428,0.2927941,0.31055668,0.30379322,0.30281264,0.30587223,0.3011199,0.30264205,0.3261101,0.30880874,0.31279635,0.31933594,0.31939706,0.3245803,0.34716842,0.33126718,0.33772692,0.34145695,0.3367127,0.34758028,0.34513646,0.3557983,0.34928352,0.35346243,0.369328,0.35995686,0.36252472,0.36570787,0.36892688,0.38142753,0.37596232,0.3794559,0.3830624,0.38312936,0.3773216,0.37647256,0.38677198,0.38954252,0.39567342,0.39922893,0.3941068,0.3878683,0.39814585,0.41631028,0.41319692,0.40506858,0.37380013,0.36632982,0.3900343,0.35150984,0.34509903,0.3625606,0.36235029,0.34797436,0.36162993,0.37164804,0.38046038,0.38186517,0.37900662,0.38497484,0.376078,0.38981384,0.38405645,0.3980344,0.40358868,0.4064872,0.40438467,0.4032212,0.41931558,0.40680662,0.41575137,0.41235757,0.41237274,0.41889963,0.41815808,0.4259752,0.40313756,0.42401588,0.40100798,0.41002694,0.4132711,0.417733,0.41712967,0.40704745,0.41530025,0.40634087,0.41310075,0.42427504,0.43537813,0.47599027,0.5958888,0.37552458,0.2536827,0.5663639,0.45981327,0.53110063,0.6031551,0.41599056,0.42939425,0.3388059,0.33439997,0.34569278,0.3681971,0.39182574,0.36728597,0.38417202,0.36408472,0.37701154,0.37559378,0.3606469,0.36325115,0.34709325,0.33448637,0.33196735,0.33010373,0.32495722,0.3276671,0.32563907,0.3228279,0.33359557,0.32263815,0.33483678,0.3212606,0.35122034,0.33027807,0.3343736,0.3435147,0.3424289,0.34342283,0.3281133,0.3425548,0.32846057,0.3177501,0.3030417,0.307258,0.30607066,0.3125392,0.3044821,0.29936668,0.2945906,0.29582313,0.29763576,0.29472178,0.3158424,0.30420253,0.30355558,0.31117055,0.29124445,0.28885064,0.26407322,0.29785302,0.29593572,0.31798285,0.21169817,0.22994581,0.41041738
Synthetic_90,0.085432276,0.16185005,0.7527177,synthetic,0.031768925,0.03276943,0.03570865,0.040893808,0.047599815,0.05191481,0.0545159,0.05810432,0.05735597,0.056880563,0.06478613,0.06834587,0.08012091,0.0762633,0.10064743,0.08862051,0.100187,0.1122107,0.112333916,0.11873518,0.10717288,0.1236868,0.12597352,0.12550177,0.12451158,0.12108711,0.12450463,0.12855355,0.12674806,0.14035533,0.15723298,0.15917496,0.16919862,0.19003844,0.19594415,0.18150221,0.19546418,0.19650091,0.19917619,0.21462053,0.22316125,0.22022139,0.21104541,0.20661922,0.22645767,0.21691711,0.2266222,0.22534265,0.21397501,0.22913511,0.22738817,0.24934879,0.23585288,0.23515671,0.25069875,0.24914318,0.23531614,0.25802717,0.2523461,0.24355961,0.25633436,0.25895727,0.2636926,0.2469343,0.27470884,0.26808435,0.2778578,0.2730877,0.26738232,0.2944775,0.28598917,0.27899337,0.29180124,0.28766528,0.2858523,0.28220865,0.2966202,0.291989,0.28816625,0.28053018,0.2882752,0.29652524,0.29680997,0.30004078,0.30358335,0.28825116,0.2986321,0.3116859,0.3139408,0.30620414,0.30232665,0.2998108,0.29947004,0.3086299,0.3041675,0.3033221,0.26628473,0.2830462,0.27162585,0.30076814,0.2357665,0.25374493,0.25383362,0.23509218,0.24011555,0.2390594,0.2414202,0.24226981,0.24239141,0.25176612,0.2651699,0.26808003,0.2549639,0.2576711,0.27179608,0.2698725,0.28258428,0.29523218,0.27714333,0.29135063,0.2933641,0.30382958,0.31058055,0.290805,0.30425924,0.30383986,0.30992743,0.31171784,0.3190124,0.30651355,0.3168346,0.2900187,0.30725747,0.28916585,0.2877511,0.29903737,0.31419933,0.29141185,0.29210478,0.302301,0.31580174,0.2901866,0.2607491,0.2531447,0.096291244,0.25569692,0.43036678,0.3426399,0.13433506,0.16381423,0.44494203,0.20674954,0.17502256,0.2681972,0.14719097,0.16958928,0.16839446,0.16278474,0.17127588,0.18113472,0.19678466,0.1995756,0.2009289,0.2265871,0.2051149,0.22463104,0.22376816,0.23745853,0.24229157,0.24379063,0.24493288,0.26056698,0.2317287,0.2445364,0.28208917,0.24381134,0.25957915,0.26215675,0.241513,0.25328207,0.25688866,0.24819876,0.24896988,0.24666442,0.24600515,0.2526421,0.23405454,0.23993754,0.2308092,0.24805732,0.24846113,0.23786964,0.22504033,0.22892267,0.21815728,0.2222969,0.22427395,0.22577076,0.24303927,0.25204396,0.21653731,0.20975652,0.19817226,0.17487457,0.17266761,0.1899728,0.22388294,0.39894667,0.5535836,0.32501853
Synthetic_91,0.16315524,0.7794596,0.057385195,synthetic,0.1525579,0.14043662,0.15915613,0.16443834,0.16628957,0.16316316,0.17082581,0.16545619,0.15929335,0.18989633,0.18721633,0.1918887,0.22423957,0.2064554,0.22402897,0.21834414,0.2281045,0.22800623,0.21905442,0.23159388,0.2241184,0.23392332,0.2311942,0.2454346,0.25364208,0.25049338,0.2613966,0.24947946,0.25320718,0.25941148,0.28086296,0.30315843,0.327678,0.32174262,0.34880924,0.35309744,0.3562601,0.366831,0.37299588,0.375941,0.36830333,0.3813295,0.39079738,0.39854148,0.38675737,0.39008877,0.4020819,0.4151646,0.41697854,0.4078624,0.42264143,0.41044778,0.42404404,0.4247589,0.42387164,0.41543823,0.4323456,0.42379087,0.43997887,0.45196462,0.45473,0.41515738,0.45283094,0.44302928,0.43469605,0.46066332,0.44094786,0.4435558,0.45609993,0.44788408,0.46117595,0.46775272,0.4486123,0.43127742,0.4595419,0.44341597,0.45782816,0.44634625,0.44754052,0.44880438,0.45913732,0.46208212,0.44370845,0.46994117,0.4693731,0.4722894,0.47952121,0.47012934,0.47476625,0.47068107,0.45967555,0.48926905,0.4474473,0.45899022,0.46430573,0.44595814,0.42431632,0.39693713,0.47504088,0.42774844,0.3754136,0.37861466,0.33996573,0.38348848,0.38036174,0.37434062,0.38331932,0.3711713,0.39540294,0.38719374,0.39529824,0.41360882,0.42431015,0.41636306,0.4131823,0.421202,0.4316182,0.4235136,0.44798774,0.4479095,0.4378537,0.44746614,0.44225794,0.45709568,0.45166087,0.46034965,0.45771027,0.46608806,0.4555408,0.45905563,0.43997452,0.45657566,0.45300418,0.44642067,0.45729542,0.43626446,0.4465172,0.41674915,0.4343838,0.43101457,0.4092296,0.4000687,0.451819,0.42902383,0.3919797,0.32371688,0.4951,0.09634715,0.18047133,0.3816517,0.3583607,0.26147237,0.36235407,0.27721098,0.2871058,0.2932352,0.33259374,0.35208386,0.34271887,0.36046863,0.35747328,0.35794383,0.38941506,0.35463378,0.36230016,0.3684714,0.37192148,0.37148386,0.37766016,0.35580721,0.36676916,0.36954117,0.3700669,0.36555645,0.37511453,0.38382405,0.38251808,0.38774225,0.37360352,0.3638828,0.3814997,0.37900856,0.37287495,0.37930253,0.36804104,0.38055077,0.37253383,0.35684898,0.35444564,0.35854182,0.3731371,0.3490982,0.35012358,0.34066173,0.35261974,0.3509027,0.34611404,0.33170462,0.31991094,0.31687176,0.3289125,0.3126367,0.27453566,0.30464688,0.34231943,0.25631747,0.27386403,0.2553299,0.33886513,0.39796278
Synthetic_92,0.2035985,0.78028756,0.016113903,synthetic,0.021609766,0.028496128,0.027763033,0.030840108,0.03249124,0.032466292,0.038990933,0.04239913,0.046802327,0.04346529,0.051196117,0.050876148,0.055726044,0.063542604,0.07676431,0.06772559,0.0670131,0.07080051,0.06484251,0.065379,0.07307677,0.06571915,0.07584187,0.07548107,0.074369855,0.065056354,0.067586675,0.08145573,0.0714662,0.08592281,0.11020369,0.11481834,0.14981861,0.16678397,0.18254262,0.18460263,0.19145794,0.20790575,0.20208137,0.21035008,0.21224782,0.20680076,0.22085406,0.2122763,0.22947,0.22595093,0.24411748,0.2339231,0.23825306,0.24124037,0.2413189,0.24880858,0.2692323,0.23848835,0.22846535,0.26515588,0.25591797,0.26212543,0.25507393,0.2634185,0.2647214,0.2591965,0.2591373,0.2609226,0.2809371,0.29917374,0.27480122,0.2953859,0.2896349,0.2986608,0.29321197,0.3100995,0.32000425,0.3061831,0.29045004,0.27666292,0.28380987,0.28197014,0.28388897,0.30623683,0.2948853,0.28019202,0.31510115,0.2959064,0.30925155,0.2785184,0.312186,0.31580788,0.33319074,0.33231118,0.33013788,0.30558783,0.30881235,0.3100003,0.30210593,0.30929554,0.2651231,0.27074242,0.23651639,0.23460986,0.20475565,0.23799063,0.15099843,0.07101287,0.0884033,0.11758619,0.12817448,0.11544032,0.13361883,0.13475175,0.13843718,0.15611297,0.15927747,0.16119461,0.1759546,0.195004,0.19673957,0.20800616,0.21712317,0.20953575,0.23769243,0.23721091,0.2457451,0.24088325,0.26165313,0.25616065,0.25596902,0.27490726,0.27470937,0.26840422,0.2627207,0.25325686,0.24699336,0.24385136,0.23520663,0.2490225,0.22033177,0.22689837,0.20648141,0.21600723,0.22178477,0.23118608,0.23206703,0.28565818,0.64724225,0.7746324,0.7537736,0.48612127,0.23331527,0.13566574,0.23172224,0.20321208,0.0909848,0.060361706,0.07939112,0.0813793,0.07104153,0.082260214,0.0802857,0.0883495,0.09297709,0.10148543,0.103817575,0.12852818,0.10341092,0.12114026,0.10360349,0.10749012,0.10819624,0.11734462,0.12666927,0.11991458,0.12677835,0.12781478,0.12917407,0.13873309,0.114179164,0.14724372,0.14838745,0.15081371,0.14672746,0.1529165,0.15468404,0.13438329,0.14005667,0.13339207,0.12935142,0.117171384,0.116850846,0.11828285,0.12293475,0.10052989,0.1051668,0.096971706,0.09080325,0.108348705,0.10368648,0.10287563,0.0948927,0.09671144,0.08732363,0.07473424,0.080659844,0.101177156,0.08179395,0.089920215,0.08141674,0.050119795,0.08779994,0.14831226
Synthetic_93,0.00018743161,0.89396334,0.10584915,synthetic,0.020318212,0.023213219,0.029382652,0.03334961,0.034197126,0.03795893,0.04483225,0.05132989,0.06620551,0.060412046,0.06526837,0.07073506,0.077800594,0.088421375,0.09776005,0.09540672,0.09613424,0.10886717,0.111588195,0.11175791,0.11695287,0.12337784,0.12591721,0.13387051,0.13467823,0.14174901,0.14341201,0.14859346,0.16375113,0.16307084,0.17744894,0.1767958,0.1883285,0.20161112,0.20056015,0.2096684,0.21386257,0.23509876,0.2304366,0.21994963,0.22021464,0.24974681,0.24577369,0.24478965,0.24573293,0.26323503,0.27669045,0.24571137,0.28602764,0.27092117,0.29531035,0.3025158,0.29884326,0.28856298,0.28855821,0.30193734,0.3066822,0.30304876,0.3135648,0.32560053,0.3056376,0.31612596,0.3141076,0.34370965,0.32363,0.3259197,0.33551916,0.3322742,0.3559492,0.34544045,0.3452929,0.3496957,0.35337457,0.35778466,0.34719163,0.3691152,0.35613185,0.3747895,0.35545343,0.3670447,0.34931126,0.34567425,0.35744187,0.365947,0.35428202,0.38549632,0.36086735,0.3832764,0.38911623,0.37331,0.38596824,0.36855182,0.37817603,0.3806321,0.37149364,0.39168048,0.33661854,0.34094527,0.31659067,0.32781067,0.3036682,0.31513703,0.31296104,0.2776064,0.25069466,0.26055825,0.26819623,0.26108623,0.24561365,0.26860625,0.26752952,0.28524286,0.28786597,0.29966214,0.2939865,0.29369566,0.30136925,0.31012,0.30753112,0.32375628,0.3101794,0.31414118,0.33036628,0.3377437,0.34262824,0.33535716,0.33557746,0.34299347,0.32961312,0.33995822,0.32203346,0.32645684,0.319147,0.32551906,0.30692253,0.30939764,0.33288643,0.3368172,0.32001483,0.3170729,0.30082121,0.27801964,0.3059547,0.19248837,0.08672094,0.19474979,0.030759266,0.015736254,0.13651386,0.11780633,0.021180673,0.11052407,0.6149829,0.2068146,0.16199572,0.1759062,0.20010057,0.22220278,0.19687194,0.20892967,0.22572924,0.23054159,0.22383948,0.21565858,0.21859825,0.23679242,0.21018219,0.20965432,0.20953639,0.1946517,0.20940675,0.21687326,0.19979393,0.21713167,0.22134514,0.22657236,0.22491054,0.22526349,0.23808227,0.22572064,0.22073151,0.23774973,0.23280227,0.22886637,0.21191196,0.2179246,0.20046571,0.19063684,0.19072616,0.19445884,0.1829272,0.19022454,0.18242092,0.17769212,0.17974018,0.17519619,0.16743755,0.18565157,0.1642946,0.17170505,0.17420423,0.14666043,0.1517347,0.13118918,0.12390327,0.18683177,0.136644,0.1043614,0.3271838,0.26156837
Synthetic_94,0.84597117,0.12059249,0.03343638,synthetic,0.017920634,0.017257327,0.017975947,0.023225725,0.022325562,0.023899684,0.025315888,0.029766552,0.02567321,0.026133928,0.028319413,0.035030875,0.04661942,0.062312283,0.074151516,0.082981125,0.08382006,0.07539799,0.05484351,0.05302527,0.044450272,0.045923676,0.038617633,0.03827925,0.041357145,0.03654869,0.028499758,0.025734434,0.025289914,0.043603413,0.08537779,0.16317147,0.24633704,0.34509408,0.4038323,0.4533983,0.46803665,0.44215822,0.4464714,0.45162377,0.45123914,0.45065257,0.49348778,0.4678025,0.48609188,0.47921804,0.49106884,0.49425566,0.50086653,0.53180826,0.48941606,0.49375942,0.4941845,0.4784746,0.4912578,0.49151132,0.44543105,0.48164895,0.47699416,0.46356103,0.47614142,0.5093526,0.47963998,0.5063102,0.5220481,0.49942565,0.5155649,0.539892,0.5410971,0.5334614,0.5143365,0.52665275,0.5260655,0.506946,0.47202685,0.44382116,0.42219922,0.4238958,0.42098624,0.4186767,0.44816217,0.4327277,0.44783196,0.46043423,0.4626197,0.44632334,0.4588194,0.46043742,0.43616143,0.44238085,0.45669436,0.417592,0.4158526,0.37827566,0.37297878,0.36681005,0.40149274,0.3948393,0.3712401,0.33374572,0.32849476,0.24232878,0.15969466,0.11779741,0.11201785,0.097944215,0.087930135,0.10240442,0.11452452,0.10942168,0.12836736,0.15934369,0.15926665,0.16779229,0.18596858,0.17926854,0.21681093,0.20255086,0.22904295,0.21602343,0.23569891,0.25082222,0.25258678,0.27119637,0.26064646,0.24770126,0.2691456,0.27222064,0.2460157,0.25126284,0.25768968,0.26506397,0.25791526,0.2530664,0.2512353,0.23752436,0.21338856,0.23804714,0.2006082,0.21966253,0.2116547,0.29553413,0.2520649,0.17476207,0.113827035,0.19375786,0.18717155,0.1960395,0.380056,0.12705016,0.057666034,0.029351419,0.044021387,0.0850847,0.03251675,0.038063463,0.033137586,0.033301417,0.043865632,0.044324387,0.050793167,0.059536472,0.060462765,0.06972899,0.062384535,0.067369245,0.078217395,0.08014747,0.08327567,0.08005489,0.08827008,0.092165716,0.10021216,0.098055854,0.10802344,0.10646555,0.10850275,0.112517595,0.11121373,0.13044778,0.11783143,0.12478861,0.11792103,0.116314895,0.11015405,0.10835704,0.10064432,0.111645564,0.108836636,0.092778824,0.083258085,0.07841524,0.07793363,0.07862521,0.06878593,0.069839194,0.068234645,0.06283694,0.06007456,0.05942962,0.07147276,0.061527967,0.036684677,0.034356583,0.026402362,0.036297377,0.025212001,0.10707714,0.07373526,0.00037312147
Synthetic_95,0.22695331,0.5967066,0.17634003,synthetic,0.054354228,0.055968296,0.064407036,0.060134068,0.07086825,0.07187186,0.08355961,0.07990286,0.07986648,0.0903473,0.09453077,0.09541567,0.103375554,0.109547146,0.115875356,0.11379679,0.12613001,0.12724811,0.13658912,0.1306825,0.1332539,0.12930015,0.13735226,0.13286224,0.14004873,0.14214683,0.13561387,0.14994113,0.15348855,0.1520453,0.17671931,0.18954162,0.20273206,0.2169746,0.22199948,0.21812801,0.22236857,0.2338497,0.24501812,0.23689564,0.2442331,0.25126874,0.2525672,0.24925336,0.25408566,0.2582054,0.2610215,0.2609852,0.27113056,0.2741952,0.27753723,0.28129986,0.27425614,0.2760657,0.2844961,0.29487857,0.2891142,0.29087207,0.2928433,0.29126948,0.29548028,0.30026093,0.3025156,0.30896384,0.31565407,0.32399902,0.3162311,0.32026818,0.32520205,0.33513975,0.3317328,0.32872286,0.3344756,0.33685088,0.32692245,0.33057785,0.3308302,0.3301147,0.3323406,0.33204758,0.33826542,0.3385387,0.33163255,0.34432307,0.35074544,0.35251716,0.33640468,0.3488437,0.36988613,0.35460815,0.35489994,0.3548075,0.35374397,0.35943407,0.35804528,0.35067895,0.35334137,0.3886098,0.3552597,0.36577883,0.30603814,0.28802782,0.2981198,0.2724128,0.27381298,0.26275033,0.2670743,0.26796713,0.27803466,0.2848115,0.2681917,0.2876749,0.30142695,0.29585838,0.30113682,0.3082226,0.30744305,0.31940794,0.319891,0.32980078,0.3300582,0.3292112,0.34467888,0.33923203,0.349093,0.35137388,0.34580544,0.35782793,0.36265126,0.34919977,0.34061983,0.34376353,0.33917,0.34477764,0.35274923,0.3440013,0.341341,0.33234447,0.34559247,0.33458158,0.35235506,0.32877722,0.35314056,0.3221216,0.16416192,0.18144776,0.2281729,0.37603664,0.27997178,0.28013995,0.27363443,0.218159,0.17050336,0.1964744,0.21868357,0.23768486,0.24302702,0.24826385,0.2451659,0.24852449,0.25279644,0.2669999,0.26801243,0.2665895,0.2544174,0.26492065,0.25475937,0.24568146,0.2662726,0.25442493,0.25832048,0.26681712,0.25830638,0.26770115,0.27725357,0.27777377,0.27058497,0.27009556,0.26829383,0.27429712,0.2828751,0.29075482,0.27409226,0.2831814,0.27108386,0.27172533,0.2664826,0.24747317,0.2489859,0.25427273,0.25477698,0.23671085,0.23883088,0.23608045,0.23729098,0.2385248,0.23731315,0.24048316,0.23975182,0.24892865,0.22815299,0.24013826,0.2117052,0.22960196,0.19511338,0.14859831,0.1420718,0.117482916,0.08507781,0.048909526
Synthetic_96,0.32482076,0.67514306,3.624573e-05,synthetic,0.061320033,0.062993765,0.06496684,0.07273247,0.06863747,0.07860357,0.09456996,0.07749159,0.08491053,0.0856537,0.10091409,0.08954446,0.1109804,0.1113102,0.11900896,0.13322102,0.13602668,0.12396057,0.1270362,0.13442157,0.12833545,0.123048455,0.12220439,0.12697893,0.13192509,0.13003014,0.13206778,0.1265422,0.14582507,0.14743316,0.17996311,0.23663005,0.26076177,0.30707338,0.34483236,0.35146856,0.35797498,0.39304292,0.36374563,0.37542087,0.39256516,0.37835544,0.39177972,0.39754197,0.39306417,0.38624176,0.40737483,0.39459878,0.40702084,0.41395494,0.41402477,0.39618954,0.41362578,0.40596014,0.43391177,0.4176898,0.4153662,0.4051307,0.43963274,0.41286686,0.4312411,0.4204659,0.4520713,0.44279566,0.45009717,0.4660161,0.47382376,0.46640575,0.4744317,0.4826358,0.4829146,0.4953679,0.48752764,0.48873633,0.48398197,0.4630869,0.48577154,0.4543512,0.46113193,0.47298327,0.46159443,0.47388542,0.49458852,0.48774096,0.508889,0.50225574,0.5179111,0.53080034,0.52950716,0.5182366,0.53981626,0.5436304,0.53100103,0.50653756,0.50860184,0.54530853,0.40473026,0.3171813,0.33262286,0.37836275,0.29294735,0.15526314,0.27573827,0.25258905,0.24789998,0.24683347,0.2502997,0.2563254,0.28243816,0.2676088,0.30444452,0.32146853,0.30760378,0.32447678,0.3491396,0.3431379,0.37326252,0.39067048,0.3927107,0.3992031,0.42501965,0.42137793,0.4291757,0.4335725,0.4394081,0.44483104,0.4599555,0.43414855,0.45014164,0.4500024,0.42663714,0.4187052,0.4215569,0.43409103,0.4152587,0.42572775,0.39476547,0.39388263,0.41054457,0.400347,0.40881073,0.4124621,0.42745134,0.40867582,0.45030057,0.39103064,0.37157384,0.38417,0.282501,0.2598278,0.18360005,0.19313826,0.18081205,0.17228012,0.17021799,0.18581806,0.18704927,0.19773856,0.18790357,0.18932655,0.2212077,0.21576239,0.21805656,0.2288248,0.22045614,0.21431237,0.2261499,0.20962523,0.2133678,0.20900087,0.22225943,0.22064768,0.228215,0.23989522,0.24776074,0.24507095,0.2466471,0.2678695,0.24685158,0.25857905,0.26776457,0.27042198,0.2753045,0.2748493,0.25013828,0.24484749,0.2511002,0.216883,0.22112307,0.2284438,0.22233333,0.20113564,0.201782,0.19928703,0.1994259,0.20021553,0.18952389,0.1699075,0.19167215,0.18044403,0.17595375,0.14101821,0.16067958,0.15649794,0.1505474,0.12877639,0.12356153,0.11741273,0.16442357,0.18795335
Synthetic_97,0.038253985,0.54526186,0.4164842,synthetic,0.04217414,0.046522923,0.050783876,0.049054336,0.054050528,0.05910954,0.060838014,0.06309579,0.06274469,0.07537456,0.07959064,0.08392413,0.08629793,0.09445249,0.101885416,0.1040137,0.09980513,0.115556784,0.119334035,0.12626179,0.13409887,0.13047536,0.1400855,0.13718621,0.14085034,0.14001592,0.13621072,0.15327208,0.15369904,0.15968274,0.18751696,0.1830535,0.20056956,0.20647654,0.20363043,0.20945889,0.21163882,0.21238965,0.23246332,0.22615558,0.22140208,0.238799,0.24411927,0.24314648,0.24398476,0.2508026,0.2576498,0.24373588,0.26033127,0.26422772,0.26495028,0.276157,0.26745784,0.26952,0.27914283,0.29259187,0.28186187,0.295285,0.28856802,0.27709007,0.28425738,0.29709846,0.29483995,0.3035814,0.3115871,0.31568894,0.31378606,0.30954304,0.31464708,0.3371338,0.32176667,0.32159677,0.33813617,0.33257848,0.33810773,0.3393977,0.3299106,0.33279905,0.34077385,0.3434535,0.34808803,0.34584358,0.34329128,0.36310777,0.36155444,0.3588834,0.3435175,0.35072663,0.37105203,0.3655002,0.3816158,0.3703701,0.3661258,0.37175453,0.37390706,0.36913344,0.32267028,0.34898612,0.35209212,0.34683576,0.344689,0.3295866,0.29566428,0.2888772,0.28173795,0.29003817,0.27362895,0.28846216,0.29585105,0.299101,0.2736641,0.29418805,0.29937693,0.30619827,0.30654767,0.3273117,0.3262568,0.32887986,0.32208702,0.34135953,0.3455357,0.33090964,0.35043207,0.3459365,0.36260712,0.34605846,0.3428488,0.35817254,0.36006677,0.35794386,0.35328826,0.3474145,0.34583473,0.3594992,0.3641974,0.35073942,0.34545293,0.34098026,0.3356122,0.33983257,0.35010424,0.35556805,0.38466892,0.23042096,0.21159048,0.0493658,0.011485845,0.05766049,0.2252182,0.14872448,0.21360199,0.17775446,0.2569513,0.14949945,0.18793699,0.21452267,0.23258807,0.22879109,0.24416053,0.2412278,0.2514121,0.2604127,0.26633644,0.26111498,0.25044152,0.27558684,0.26237094,0.26708078,0.27755657,0.27082607,0.25909156,0.27885196,0.26221746,0.26964575,0.28362447,0.28301775,0.26865685,0.2652152,0.2770258,0.26615658,0.2726664,0.27781203,0.26947013,0.28257033,0.27033865,0.2738859,0.26825765,0.26239365,0.24922244,0.26392436,0.25531128,0.24734871,0.24052691,0.23025897,0.23144308,0.24054052,0.22824678,0.24146233,0.23844776,0.22275938,0.21631716,0.22926725,0.19554955,0.19034946,0.15151002,0.14908166,0.12276829,0.06977676,0.012264614,0.03771956
Synthetic_98,0.83713263,0.02471624,0.13815106,synthetic,0.032447364,0.027177086,0.029707497,0.031990513,0.02940512,0.032937933,0.035943985,0.03831251,0.031491287,0.03702114,0.040615737,0.04915064,0.059439898,0.07593837,0.08986801,0.09703709,0.09654948,0.09063251,0.08518252,0.08239141,0.074155904,0.075677514,0.07007414,0.06314451,0.06536229,0.0612855,0.05422564,0.053118985,0.048187748,0.0638509,0.12129089,0.1967718,0.295154,0.3863919,0.4504784,0.46682096,0.4919019,0.4608641,0.49208716,0.4973039,0.5089149,0.48112065,0.51660454,0.515338,0.50132596,0.49182758,0.50977653,0.51302844,0.50796884,0.52359015,0.52833617,0.4992428,0.50576264,0.52068096,0.5198486,0.49878222,0.4867893,0.51168686,0.4863534,0.5198043,0.5056841,0.5050149,0.49811515,0.4971158,0.50596863,0.523514,0.5149361,0.5131654,0.52681494,0.5091151,0.5117415,0.50860447,0.5092246,0.492843,0.47344092,0.45302325,0.45581025,0.4450443,0.43971106,0.4462822,0.44703507,0.43905613,0.45511836,0.48297933,0.46235314,0.45255104,0.45600873,0.45488057,0.44882724,0.45045403,0.43948585,0.42786288,0.40196678,0.38939738,0.37807614,0.3540806,0.36961463,0.3475795,0.3325331,0.26502097,0.24165058,0.1686797,0.14223546,0.12479299,0.12967741,0.123932466,0.11925008,0.13205023,0.14990005,0.14597544,0.15632714,0.18249398,0.18853623,0.18845162,0.20233332,0.21932492,0.23681824,0.23741755,0.26295915,0.2471958,0.27498344,0.2886465,0.27554882,0.27995777,0.29158118,0.29486308,0.28592297,0.29677358,0.28325817,0.29163447,0.29307494,0.29504278,0.2817381,0.27437973,0.2794759,0.25329432,0.24758074,0.24174652,0.2308078,0.23108743,0.23107374,0.2469131,0.23609844,0.15832858,0.10686066,0.17433003,0.06582391,0.17469983,0.14092726,0.19347984,0.1570337,0.08140925,0.066827565,0.031315267,0.05061778,0.055022813,0.06608406,0.061409418,0.06602822,0.06597869,0.07499014,0.0901759,0.092146955,0.09151961,0.0932783,0.09980636,0.111887835,0.11082331,0.1239063,0.11705777,0.12548368,0.14444137,0.13643314,0.13990593,0.14087425,0.14347212,0.14534973,0.13801183,0.14883626,0.16129552,0.14892258,0.15518525,0.15668608,0.15921561,0.15960363,0.15442243,0.14119807,0.14303313,0.14358221,0.12955141,0.12536068,0.117592014,0.1186661,0.10958972,0.103240125,0.106262,0.103939675,0.08908072,0.09458821,0.08172888,0.07726095,0.07896422,0.061836943,0.06314945,0.04975575,0.048007615,0.05352413,0.046953287,0.016796125,0.022137228
Synthetic_99,0.025974672,0.024545984,0.94947934,synthetic,0.082549,0.07958917,0.08990728,0.11291725,0.11090946,0.11814632,0.124999136,0.11633596,0.11940476,0.14185447,0.16010919,0.14368139,0.18142664,0.17296176,0.19919592,0.20237038,0.21657768,0.222517,0.21942364,0.24450852,0.24710576,0.24657388,0.2406216,0.25271285,0.2650382,0.26751643,0.27586243,0.2449756,0.26637578,0.27933827,0.29013598,0.30828187,0.31118682,0.3146136,0.31816873,0.3165256,0.32230988,0.3224821,0.33404434,0.33679888,0.34311604,0.34239334,0.35394153,0.35514656,0.34846276,0.35246006,0.35964644,0.35914922,0.35106164,0.36200535,0.36506674,0.3716109,0.36527643,0.38148728,0.37556615,0.37808543,0.3775186,0.39397702,0.39100397,0.3947193,0.40368044,0.40303087,0.39707595,0.39481023,0.40658385,0.40494803,0.39859566,0.41059747,0.43129426,0.4314251,0.41289884,0.42472622,0.42543986,0.42016172,0.43945357,0.44288749,0.4307034,0.41978133,0.42584342,0.44290087,0.43398172,0.44516987,0.42307088,0.4307254,0.45450753,0.44734976,0.4598224,0.44491857,0.45748103,0.4452358,0.4461161,0.4693335,0.45487553,0.46729296,0.4586622,0.45320213,0.41815886,0.4363208,0.4603806,0.4519023,0.46376082,0.47862017,0.43433207,0.45589095,0.44609994,0.44703305,0.45280054,0.4503968,0.45871258,0.4521468,0.45513293,0.44995555,0.46093825,0.45182955,0.44554472,0.45120484,0.46429083,0.46509966,0.45733407,0.4732092,0.45575187,0.46571946,0.45619953,0.4820978,0.4601284,0.45675758,0.46638358,0.46904185,0.4635179,0.4661092,0.4612669,0.4566529,0.46489808,0.46573892,0.46503422,0.47085914,0.46615493,0.45568466,0.46200824,0.4675641,0.47762728,0.52956945,0.5455703,0.30677152,0.1195988,0.1598937,0.1542491,0.45242035,0.49234572,0.35980865,0.3368492,0.23060314,0.4364496,0.44317305,0.42385083,0.41933978,0.44706404,0.41798484,0.43877557,0.41194817,0.44018126,0.44891343,0.46234232,0.45052412,0.45833603,0.44053668,0.45524034,0.45983478,0.46247774,0.48079175,0.46501344,0.4680786,0.44920284,0.45993584,0.46505263,0.47515985,0.46408883,0.4431492,0.43686444,0.4394582,0.4281934,0.43455815,0.4229728,0.44207194,0.4476762,0.44773933,0.44727963,0.44555503,0.44909272,0.42843315,0.4308207,0.42438832,0.45667002,0.42183623,0.43417785,0.43488437,0.41692606,0.45334506,0.45157018,0.42781052,0.40452588,0.40125427,0.40123615,0.43777132,0.43277737,0.44043487,0.45968536,0.4967757,0.39772525,0.2503366
Synthetic_100,0.0001529877,0.27074343,0.72910357,synthetic,0.06800319,0.07209797,0.0792634,0.081163,0.087166674,0.087209895,0.09947927,0.0995769,0.09961107,0.1057126,0.12076871,0.10840298,0.11853102,0.12455108,0.124944665,0.13742907,0.13192247,0.14775515,0.14743473,0.14163288,0.15565589,0.16112971,0.1709783,0.14254943,0.18502203,0.17447983,0.16940548,0.17353235,0.20050623,0.20435816,0.19038838,0.19171129,0.20619617,0.21837579,0.21925487,0.22951262,0.2430714,0.23622108,0.23196043,0.23413621,0.24651681,0.2581549,0.26118594,0.26091644,0.26458877,0.2610052,0.2617257,0.27758127,0.2768226,0.27744135,0.26961154,0.27261364,0.29335445,0.28926626,0.29250708,0.29112303,0.2919999,0.2978723,0.30091494,0.29602256,0.3037786,0.31165087,0.29961523,0.31826165,0.31772184,0.3128158,0.31857175,0.30958351,0.3353154,0.34773287,0.32480067,0.33251673,0.33060506,0.35302278,0.34776363,0.35356086,0.34782878,0.34748432,0.3489971,0.34711853,0.35475868,0.3557021,0.3584513,0.35533634,0.34432003,0.354728,0.3481869,0.35966218,0.36440104,0.36895055,0.35835373,0.36612853,0.40224218,0.3891511,0.37289682,0.39176697,0.3899288,0.38526526,0.42335013,0.41251048,0.42267248,0.3857493,0.39017043,0.388094,0.38688812,0.3677252,0.3719002,0.37740615,0.35808304,0.3628437,0.3504269,0.37168658,0.36783788,0.38293236,0.3607216,0.3697835,0.37149033,0.3848643,0.37419385,0.380159,0.39676872,0.3831769,0.38166815,0.40014416,0.39664686,0.3934053,0.38566473,0.3918516,0.38373178,0.41619346,0.39401242,0.40718395,0.4082628,0.4028538,0.41472706,0.39717463,0.40531984,0.41046342,0.39922917,0.41964716,0.42108807,0.4322247,0.44259036,0.45645422,0.51079404,0.82840765,0.8055364,0.30568543,0.38689792,0.44966966,0.48536387,0.3792756,0.4054325,0.36744717,0.33677718,0.3678154,0.36978477,0.3804712,0.36783355,0.3627727,0.36563683,0.38217595,0.36679316,0.353995,0.36128652,0.35769743,0.3482805,0.35384896,0.35723665,0.35330135,0.34406355,0.34419435,0.35339448,0.36108553,0.3460878,0.35501042,0.3307834,0.34657168,0.336514,0.33717695,0.355167,0.343057,0.35387418,0.35169083,0.35956794,0.33511275,0.35092294,0.33214203,0.3205326,0.33742067,0.33580554,0.3411,0.32670072,0.34011388,0.3154331,0.33460674,0.32878116,0.33854917,0.31969905,0.3304356,0.3203626,0.30575567,0.31579918,0.3184269,0.31087768,0.27073738,0.31259573,0.26432812,0.24200915,0.27430823
